numerical invariants,GAN permeutation
"{ 6.,  4.,  2., 11.}"," { 1.0893e+00,  1.8622e+00,  1.6430e+00,  1.2154e+00,  4.9890e-01, 1.3018e+00,  1.9161e-01,  3.4027e-01, -1.2473e-03,  1.9867e-01, -3.5342e-03,  3.2818e-01,  4.6206e-03, -1.4249e-03,  6.0639e-01, 2.9500e-01,  1.3127e-01,  8.7969e-01, -2.6942e-04,  9.2494e-01, 1.4629e+00,  8.5479e-01,  1.4348e+00,  6.5169e-01, -4.8169e-06}"
"  { 19.,  10.,  -6., 911.}"," { 6.7472, 14.0553,  8.0557, 11.5378,  3.8685, 11.4812, -0.0779, -0.1004, -0.0724, -0.0152, -0.1320, 13.8750,  3.6617, -0.0452, 13.5025, -0.0344, -0.0678, -0.1151, -0.1920,  0.1624,  3.0059,  1.0184, 11.0823,  1.1034, 8.4072}"
"  { 17.,  12.,   4., 309.}"," { 3.3281e+00,  6.1658e+00,  4.2259e+00,  4.7288e+00,  1.7967e+00, 4.9975e+00, -1.9445e-02, -2.2807e-02, -2.1993e-02, -8.7732e-04, -4.1230e-02,  4.6775e+00,  1.3967e+00, -1.8147e-02,  4.9218e+00, -3.9990e-03, -1.7541e-02, -2.8762e-02, -6.1177e-02,  3.8249e-01, 2.0941e+00,  1.3762e+00,  4.4379e+00,  9.6455e-01,  1.9407e+00}"
"  { 22.,  12.,  -2., 235.}"," { 3.1892,  5.7054,  3.9563,  4.0736,  1.6851,  4.6458, -0.0115, -0.0125, -0.0165,  0.2437, -0.0318,  3.5646,  1.1220, -0.0152,  4.1000,  0.0414, -0.0105, -0.0180, -0.0441,  0.4299,  2.2421,  1.5201,  3.8905,  0.9666, 1.1136}"
"  { 23.,  14.,   0., 493.}"," { 4.5458e+00,  8.8773e+00,  5.8121e+00,  6.9588e+00,  2.5071e+00, 7.2231e+00, -3.6184e-02, -4.4332e-02, -3.6533e-02, -4.1099e-03, -6.7355e-02,  7.5414e+00,  2.1221e+00, -2.6848e-02,  7.6001e+00, -1.1361e-02, -3.1215e-02, -5.3980e-02, -1.0062e-01,  3.8932e-01, 2.6182e+00,  1.4701e+00,  6.4884e+00,  1.1425e+00,  3.5058e+00}"
"  {  23.,   16.,    4., 1329.}"," { 9.7476, 20.2975, 11.7323, 16.7644,  5.6832, 16.6092, -0.1118, -0.1456, -0.1048, -0.0220, -0.1906, 20.1152,  5.3631, -0.0654, 19.5241, -0.0510, -0.0988, -0.1657, -0.2786,  0.2164,  4.3321,  1.6312, 15.9895,  1.6326, 12.2263}"
"  {  17.,   12.,    0., 2681.}"," { 1.8159e+01,  3.8903e+01,  2.1645e+01,  3.2400e+01,  1.0779e+01, 3.1750e+01, -2.4020e-01, -3.0870e-01, -2.1836e-01, -4.8695e-02, -3.9422e-01,  4.0585e+01,  1.0331e+01, -1.3104e-01,  3.8864e+01, -1.1626e-01, -2.0955e-01, -3.5196e-01, -5.7012e-01, -2.4275e-03, 6.9470e+00,  1.4376e+00,  3.1033e+01,  2.6626e+00,  2.6610e+01}"
"  { 17.,  12.,   2., 379.}"," { 3.5985e+00,  7.0118e+00,  4.6299e+00,  5.4719e+00,  1.9919e+00, 5.6478e+00, -2.7151e-02, -3.2848e-02, -2.7580e-02, -2.7119e-03, -5.1502e-02,  5.8078e+00,  1.6476e+00, -2.0719e-02,  5.9104e+00, -8.0904e-03, -2.3420e-02, -3.9753e-02, -7.6830e-02,  3.4936e-01, 2.1834e+00,  1.2949e+00,  5.0808e+00,  9.5311e-01,  2.5989e+00}"
"  { 21.,  18.,  12., 929.}"," { 7.3392e+00,  1.4877e+01,  9.0994e+00,  1.2154e+01,  4.2432e+00, 1.2123e+01, -7.3603e-02, -9.4804e-02, -7.1004e-02, -1.3052e-02, -1.2979e-01,  1.4000e+01,  3.8388e+00, -4.6765e-02,  1.3750e+01, -3.1410e-02, -6.5614e-02, -1.0882e-01, -1.9181e-01,  3.4329e-01, 3.6494e+00,  1.8063e+00,  1.1448e+01,  1.5107e+00,  7.9518e+00}"
"  { 19.,  14.,   8., 489.}"," { 4.5120e+00,  8.7068e+00,  5.7872e+00,  6.8835e+00,  2.5229e+00, 7.0345e+00, -3.5354e-02, -4.2971e-02, -3.5760e-02, -4.3568e-03, -6.6313e-02,  7.3959e+00,  2.1137e+00, -2.6341e-02,  7.4656e+00, -1.1697e-02, -3.0867e-02, -5.1402e-02, -9.9137e-02,  3.9968e-01, 2.6256e+00,  1.5882e+00,  6.4030e+00,  1.1794e+00,  3.5162e+00}"
"  {2.2000e+01, 1.6000e+01, 6.0000e+00, 9.2710e+03}"," { 6.1147e+01,  1.3225e+02,  7.2970e+01,  1.1068e+02,  3.6798e+01, 1.0791e+02, -8.4263e-01, -1.0809e+00, -7.6160e-01, -1.7129e-01, -1.3695e+00,  1.4008e+02,  3.5262e+01, -4.5162e-01,  1.3350e+02, -4.1776e-01, -7.3356e-01, -1.2318e+00, -1.9775e+00, -1.6010e-02, 2.2131e+01,  3.3659e+00,  1.0563e+02,  8.6997e+00,  9.3733e+01}"
"  { 21.,  16.,   6., 255.}"," { 3.5727,  6.3689,  4.5545,  4.6277,  1.9528,  5.1339, -0.0103, -0.0115, -0.0163,  0.3430, -0.0328,  3.8142,  1.2750, -0.0167,  4.3235,  0.0698, -0.0110, -0.0159, -0.0457,  0.5507,  2.6367,  1.8981,  4.2705,  1.1472, 1.1869}"
"  { 1.9000e+01,  1.8000e+01, -4.0000e+00,  8.2650e+03}"," { 5.4493e+01,  1.1811e+02,  6.4967e+01,  9.8749e+01,  3.2784e+01, 9.6358e+01, -7.5178e-01, -9.6571e-01, -6.7939e-01, -1.5216e-01, -1.2216e+00,  1.2508e+02,  3.1386e+01, -4.0285e-01,  1.1915e+02, -3.7237e-01, -6.5401e-01, -1.1005e+00, -1.7635e+00, -1.4375e-02, 1.9743e+01,  2.9177e+00,  9.4243e+01,  7.6868e+00,  8.3496e+01}"
"  {0., 0., 0., 1.}"," { 4.0055e-01,  5.0662e-01,  3.8355e-01,  3.6166e-01,  1.5435e-01, 2.6396e-01, -1.2652e-05,  1.4635e-01,  3.6983e-02, -4.3555e-04, -2.2234e-03,  7.7588e-02,  6.6700e-02, -1.8743e-04,  1.7006e-01, 1.4202e-01,  4.3344e-02,  3.5864e-01, -4.0710e-04,  3.1711e-01, 4.0305e-01,  2.3807e-01,  5.3255e-01,  1.7514e-01,  1.5496e-01}"
"  {  23.,   14.,   -4., 2853.}"," { 1.9428e+01,  4.1550e+01,  2.3195e+01,  3.4572e+01,  1.1491e+01, 3.3972e+01, -2.5452e-01, -3.2776e-01, -2.3231e-01, -5.1422e-02, -4.1870e-01,  4.3223e+01,  1.1018e+01, -1.3981e-01,  4.1405e+01, -1.2256e-01, -2.2237e-01, -3.7446e-01, -6.0657e-01, -2.3599e-03, 7.4738e+00,  1.5784e+00,  3.3097e+01,  2.8694e+00,  2.8148e+01}"
"  {10.,  6., -4., 65.}"," { 1.5354e+00,  2.5490e+00,  1.6642e+00,  1.6031e+00,  8.0248e-01, 1.9059e+00, -2.3388e-03, -4.2630e-04, -4.1211e-03,  3.1632e-01, -1.0440e-02,  1.0276e+00,  3.3697e-01, -4.8045e-03,  1.4481e+00, 2.0934e-01, -6.9569e-04, -1.2486e-03, -1.0226e-02,  3.8278e-01, 1.3359e+00,  8.0724e-01,  1.6381e+00,  4.5703e-01,  2.5183e-01}"
"  {15., 12.,  4., 33.}"," { 2.2928e+00,  4.1534e+00,  3.8821e+00,  2.6824e+00,  1.1027e+00, 3.1523e+00,  4.8943e-01,  6.7790e-01, -4.1666e-03,  6.3110e-01, -6.1828e-03,  8.8071e-01, -3.6585e-04, -3.5776e-03,  1.3382e+00, 6.2917e-01,  2.8003e-01,  1.6765e+00, -1.2660e-03,  1.8951e+00, 3.2559e+00,  1.8777e+00,  2.8968e+00,  1.4835e+00, -2.4125e-03}"
"  {  23.,   12.,   -4., 1325.}"," { 9.5845, 20.0065, 11.4456, 16.5232,  5.5428, 16.3841, -0.1143, -0.1475, -0.1059, -0.0228, -0.1922, 20.0908,  5.2774, -0.0656, 19.4383, -0.0520, -0.1001, -0.1691, -0.2799,  0.1295,  4.0647,  1.2611, 15.8536,  1.5488, 12.4679}"
"  { 16.,  14.,  -2., 591.}"," { 4.7645e+00,  9.8296e+00,  5.8858e+00,  7.8939e+00,  2.7060e+00, 7.9654e+00, -4.7138e-02, -6.0965e-02, -4.5391e-02, -7.5643e-03, -8.3212e-02,  9.1014e+00,  2.4186e+00, -3.0288e-02,  8.9455e+00, -1.9014e-02, -4.1351e-02, -7.0438e-02, -1.2230e-01,  2.6124e-01, 2.4750e+00,  1.1640e+00,  7.4539e+00,  9.5277e-01,  4.9195e+00}"
"  { 25.,  24., -12., 129.}"," { 3.7286e+00,  6.5119e+00,  4.7217e+00,  3.7975e+00,  1.8434e+00, 4.9987e+00,  9.9737e-03,  1.6093e-01, -9.9218e-03,  1.2383e+00, -1.6368e-02,  2.2744e+00,  5.6172e-01, -1.1967e-02,  3.0792e+00, 8.3257e-01,  1.2016e-01,  1.1571e-02, -1.6624e-02,  1.2254e+00, 3.6071e+00,  2.1416e+00,  3.6980e+00,  1.2034e+00, -1.0957e-03}"
"  {0., 0., 0., 1.}"," { 4.8668e-01,  5.7953e-01,  4.8326e-01,  4.1788e-01,  2.0216e-01, 3.2826e-01,  3.7718e-02,  1.8987e-01,  2.9360e-02, -4.2912e-04, -2.4621e-03,  7.9208e-02,  7.9009e-02, -2.3309e-04,  1.7724e-01, 1.4715e-01,  4.6358e-02,  3.9719e-01, -5.4568e-04,  3.3826e-01, 4.4884e-01,  2.7928e-01,  6.0308e-01,  2.3637e-01,  2.0037e-01}"
"  { 1.9000e+01,  1.8000e+01, -2.0000e+00,  3.7270e+03}"," { 2.5047e+01,  5.3917e+01,  2.9865e+01,  4.4922e+01,  1.4918e+01, 4.4019e+01, -3.3467e-01, -4.3144e-01, -3.0442e-01, -6.7494e-02, -5.4797e-01,  5.6489e+01,  1.4285e+01, -1.8208e-01,  5.3957e+01, -1.6324e-01, -2.9221e-01, -4.9179e-01, -7.9305e-01, -4.4339e-03, 9.4389e+00,  1.8234e+00,  4.2958e+01,  3.6112e+00,  3.7099e+01}"
"  { 20.,  14.,  -6., 219.}"," { 2.9672,  5.4784,  3.6784,  3.8431,  1.5682,  4.4195, -0.0110, -0.0127, -0.0156,  0.2807, -0.0298,  3.4587,  1.0013, -0.0143,  3.9143,  0.0182, -0.0096, -0.0178, -0.0411,  0.4007,  2.1440,  1.4057,  3.6649,  0.8569, 0.9599}"
"  { 13.,  10.,  -2., 135.}"," { 2.1097,  3.7643,  2.5307,  2.6072,  1.1419,  2.9478, -0.0061, -0.0057, -0.0087,  0.2718, -0.0189,  2.0973,  0.6548, -0.0091,  2.4912,  0.0729, -0.0049, -0.0084, -0.0242,  0.3454,  1.6405,  1.0850,  2.5035,  0.6279, 0.6048}"
"  {11.,  6.,  0., 17.}"," { 1.5201e+00,  2.6540e+00,  2.4687e+00,  1.6695e+00,  6.5555e-01, 1.9386e+00,  2.5666e-01,  5.0888e-01, -2.5886e-03,  3.6309e-01, -4.3981e-03,  5.2974e-01, -5.9566e-04, -2.6707e-03,  8.9659e-01, 4.7013e-01,  2.3523e-01,  1.0696e+00, -1.2289e-03,  1.2948e+00, 2.0992e+00,  1.1481e+00,  1.9411e+00,  9.6786e-01, -1.6024e-03}"
"  { 22.,  12.,  -4., 189.}"," { 3.0145,  5.3336,  3.6108,  3.6334,  1.6204,  4.2344, -0.0078, -0.0080, -0.0124,  0.4098, -0.0264,  2.9237,  0.9644, -0.0128,  3.4913,  0.1402, -0.0071, -0.0124, -0.0336,  0.4840,  2.2872,  1.5024,  3.4558,  0.8928, 0.8004}"
"  {10.,  6.,  0., 17.}"," { 1.4581e+00,  2.5123e+00,  2.3066e+00,  1.5845e+00,  6.3930e-01, 1.8204e+00,  2.3976e-01,  4.6646e-01, -2.3994e-03,  3.3506e-01, -4.2801e-03,  4.9152e-01, -4.1954e-04, -2.2946e-03,  8.3781e-01, 4.4625e-01,  1.9613e-01,  1.0340e+00, -1.0049e-03,  1.2263e+00, 1.9849e+00,  1.1066e+00,  1.8353e+00,  9.1214e-01, -1.2370e-03}"
"  { 13.,   8.,   0., 485.}"," { 3.9208e+00,  7.9201e+00,  4.7956e+00,  6.4416e+00,  2.2094e+00, 6.4055e+00, -3.9127e-02, -4.9463e-02, -3.7281e-02, -6.9153e-03, -6.8801e-02,  7.3904e+00,  2.0003e+00, -2.4851e-02,  7.3077e+00, -1.5826e-02, -3.4017e-02, -5.7111e-02, -1.0110e-01,  2.2409e-01, 1.9868e+00,  9.2486e-01,  6.1490e+00,  8.0667e-01,  4.1764e+00}"
"  {2.0000e+01, 1.8000e+01, 6.0000e+00, 6.0510e+03}"," { 4.0138e+01,  8.6709e+01,  4.7939e+01,  7.2480e+01,  2.4095e+01, 7.0774e+01, -5.4661e-01, -7.0300e-01, -4.9545e-01, -1.1096e-01, -8.9158e-01,  9.1513e+01,  2.3096e+01, -2.9470e-01,  8.7279e+01, -2.6992e-01, -4.7712e-01, -8.0088e-01, -1.2887e+00, -9.0117e-03, 1.4774e+01,  2.5150e+00,  6.9204e+01,  5.7437e+00,  6.0833e+01}"
"  {  21.,   14.,    6., 3083.}"," { 2.0928e+01,  4.4706e+01,  2.5002e+01,  3.7257e+01,  1.2425e+01, 3.6516e+01, -2.7496e-01, -3.5364e-01, -2.5046e-01, -5.6051e-02, -4.5215e-01,  4.6578e+01,  1.1922e+01, -1.5056e-01,  4.4621e+01, -1.3315e-01, -2.4071e-01, -4.0296e-01, -6.5462e-01, -2.5814e-03, 8.0415e+00,  1.7714e+00,  3.5662e+01,  3.1125e+00,  3.0512e+01}"
"  { 1.6000e+01,  1.0000e+01, -2.0000e+00,  3.2510e+03}"," { 2.1748e+01,  4.6836e+01,  2.5898e+01,  3.9073e+01,  1.2982e+01, 3.8220e+01, -2.9352e-01, -3.7660e-01, -2.6578e-01, -5.9523e-02, -4.7949e-01,  4.9213e+01,  1.2449e+01, -1.5864e-01,  4.7033e+01, -1.4324e-01, -2.5552e-01, -4.3000e-01, -6.9272e-01, -4.0267e-03, 8.1015e+00,  1.4005e+00,  3.7402e+01,  3.1272e+00,  3.2606e+01}"
"  {2.4000e+01, 1.8000e+01, 2.0000e+00, 1.3687e+04}"," { 8.9950e+01,  1.9487e+02,  1.0730e+02,  1.6317e+02,  5.4229e+01, 1.5897e+02, -1.2478e+00, -1.6001e+00, -1.1264e+00, -2.5346e-01, -2.0243e+00,  2.0682e+02,  5.1917e+01, -6.6664e-01,  1.9698e+02, -6.2027e-01, -1.0849e+00, -1.8233e+00, -2.9217e+00, -2.5704e-02, 3.2269e+01,  4.5615e+00,  1.5563e+02,  1.2723e+01,  1.3876e+02}"
"  {  20.,   12.,    8., 2837.}"," { 1.9319e+01,  4.1107e+01,  2.3077e+01,  3.4301e+01,  1.1454e+01, 3.3568e+01, -2.5252e-01, -3.2432e-01, -2.3022e-01, -5.1743e-02, -4.1571e-01,  4.2800e+01,  1.0991e+01, -1.3850e-01,  4.1032e+01, -1.2226e-01, -2.2120e-01, -3.6962e-01, -6.0226e-01, -2.1475e-03, 7.4339e+00,  1.6861e+00,  3.2850e+01,  2.9132e+00,  2.8095e+01}"
"  { 25.,  18.,  -2., 159.}"," { 3.6863e+00,  6.2192e+00,  4.4442e+00,  3.9498e+00,  1.9627e+00, 4.8281e+00, -1.8094e-03, -5.1603e-04, -1.0310e-02,  9.2769e-01, -2.0895e-02,  2.4329e+00,  7.9730e-01, -1.1219e-02,  3.2273e+00, 5.2109e-01, -1.6273e-03, -1.4516e-03, -2.2144e-02,  9.7195e-01, 3.2944e+00,  2.1401e+00,  3.6886e+00,  1.1664e+00,  3.1467e-01}"
"  { 8.,  4.,  0., 29.}"," { 1.2653e+00,  2.0622e+00,  1.6825e+00,  1.2606e+00,  5.8599e-01, 1.5507e+00,  1.1782e-01,  3.5628e-01, -1.7057e-03,  3.0008e-01, -4.7910e-03,  4.9316e-01,  1.3463e-01, -2.4715e-03,  8.3813e-01, 3.7159e-01,  1.1999e-01,  5.7369e-01, -2.6086e-03,  6.7314e-01, 1.4818e+00,  8.1926e-01,  1.4589e+00,  5.6455e-01,  5.1541e-02}"
"  {  24.,   18.,   -8., 4837.}"," { 3.2260e+01,  6.9725e+01,  3.8490e+01,  5.8115e+01,  1.9264e+01, 5.6957e+01, -4.3661e-01, -5.6227e-01, -3.9620e-01, -8.7978e-02, -7.1288e-01,  7.3326e+01,  1.8482e+01, -2.3630e-01,  6.9961e+01, -2.1371e-01, -3.8080e-01, -6.4193e-01, -1.0304e+00, -6.6777e-03, 1.1982e+01,  2.0076e+00,  5.5533e+01,  4.5906e+00,  4.8381e+01}"
"  {  16.,   14.,    8., 1057.}"," { 7.8159, 16.1783,  9.4017, 13.3915,  4.5593, 13.1864, -0.0883, -0.1148, -0.0829, -0.0175, -0.1512, 15.9726,  4.2835, -0.0519, 15.5279, -0.0403, -0.0782, -0.1298, -0.2211,  0.2146,  3.5354,  1.4447, 12.7873,  1.3432, 9.7189}"
"  { 15.,   8.,  -4., 513.}"," { 4.1003e+00,  8.3375e+00,  4.9820e+00,  6.7668e+00,  2.3004e+00, 6.7828e+00, -4.2268e-02, -5.3373e-02, -3.9876e-02, -7.5062e-03, -7.3550e-02,  7.8488e+00,  2.1080e+00, -2.6358e-02,  7.7409e+00, -1.6939e-02, -3.6395e-02, -6.2062e-02, -1.0757e-01,  2.1755e-01, 2.0239e+00,  8.4931e-01,  6.4856e+00,  7.9517e-01,  4.4639e+00}"
"  { 25.,  18.,   4., 649.}"," { 5.7296e+00,  1.1352e+01,  7.3148e+00,  9.0088e+00,  3.2227e+00, 9.2530e+00, -4.8088e-02, -6.0605e-02, -4.8545e-02, -6.1874e-03, -8.8824e-02,  9.9011e+00,  2.7733e+00, -3.4643e-02,  9.8968e+00, -1.7139e-02, -4.2509e-02, -7.2135e-02, -1.3259e-01,  4.3106e-01, 3.2123e+00,  1.7992e+00,  8.3608e+00,  1.3884e+00,  4.8177e+00}"
"  { 12.,   6.,   6., 155.}"," { 2.2091,  3.7022,  2.7386,  2.7458,  1.1781,  2.9414, -0.0071, -0.0057, -0.0098,  0.1167, -0.0206,  2.2338,  0.7716, -0.0102,  2.5967,  0.0817, -0.0065, -0.0087, -0.0287,  0.3645,  1.5595,  1.1449,  2.6490,  0.7365, 0.8599}"
"  { 9.,  4., -2., 47.}"," { 1.4153e+00,  2.2224e+00,  1.5565e+00,  1.3747e+00,  7.0758e-01, 1.6439e+00, -6.4991e-04,  1.8212e-01, -3.1954e-03,  3.3722e-01, -7.6994e-03,  7.1453e-01,  2.4897e-01, -3.6268e-03,  1.1423e+00, 2.7665e-01,  6.3448e-02,  1.6908e-01, -6.7341e-03,  4.4742e-01, 1.2831e+00,  7.8793e-01,  1.4471e+00,  4.6351e-01,  1.7426e-01}"
"  {2.4000e+01, 1.4000e+01, 2.0000e+00, 2.4430e+03}"," { 1.6888e+01,  3.5763e+01,  2.0168e+01,  2.9732e+01,  9.9250e+00, 2.9244e+01, -2.1619e-01, -2.7798e-01, -1.9790e-01, -4.4055e-02, -3.5731e-01,  3.6902e+01,  9.5252e+00, -1.1984e-01,  3.5464e+01, -1.0297e-01, -1.8942e-01, -3.1745e-01, -5.1818e-01, -1.2165e-03, 6.6456e+00,  1.6383e+00,  2.8497e+01,  2.5788e+00,  2.3900e+01}"
"  { 2.5000e+01,  2.0000e+01, -4.0000e+00,  4.2949e+04}"," { 2.8056e+02,  6.0914e+02,  3.3446e+02,  5.1063e+02,  1.6970e+02, 4.9669e+02, -3.9352e+00, -5.0396e+00, -3.5444e+00, -7.9936e-01, -6.3650e+00,  6.4874e+02,  1.6229e+02, -2.0912e+00,  6.1733e+02, -1.9656e+00, -3.4143e+00, -5.7402e+00, -9.1792e+00, -8.9902e-02, 9.9188e+01,  1.2475e+01,  4.8668e+02,  3.9370e+01,  4.3748e+02}"
"  { 14.,   4.,  -2., 151.}"," { 1.9825e+00,  3.4332e+00,  2.3576e+00,  2.5104e+00,  1.0009e+00, 2.7747e+00, -8.9772e-03, -8.5707e-03, -1.1050e-02,  3.2779e-02, -2.1708e-02,  2.2612e+00,  7.1405e-01, -9.7097e-03,  2.6291e+00, -1.3223e-04, -7.3498e-03, -1.2351e-02, -2.9811e-02,  2.7284e-01, 1.3149e+00,  8.3149e-01,  2.5222e+00,  5.8395e-01,  9.0539e-01}"
"  { 17.,  16.,  10., 383.}"," { 3.9778e+00,  7.4642e+00,  5.1615e+00,  5.8023e+00,  2.1773e+00, 6.0299e+00, -2.4018e-02, -2.9014e-02, -2.7151e-02, -1.5078e-03, -5.0353e-02,  5.7745e+00,  1.7044e+00, -2.2068e-02,  5.9726e+00, -6.1711e-03, -2.2357e-02, -3.5144e-02, -7.5066e-02,  4.3915e-01, 2.5409e+00,  1.7328e+00,  5.3559e+00,  1.1695e+00,  2.4474e+00}"
"  { 20.,  20.,   2., 275.}"," { 3.6541e+00,  6.6787e+00,  4.6451e+00,  4.8443e+00,  1.9792e+00, 5.3867e+00, -1.2315e-02, -1.5090e-02, -1.8500e-02,  3.2460e-01, -3.5257e-02,  4.2257e+00,  1.2965e+00, -1.7690e-02,  4.6532e+00, -9.2798e-05, -1.2693e-02, -1.9885e-02, -5.0382e-02,  5.0706e-01, 2.6495e+00,  1.8978e+00,  4.4866e+00,  1.1307e+00,  1.2567e+00}"
"  { 18.,  16.,  -8., 253.}"," { 3.0023e+00,  5.7128e+00,  3.7323e+00,  4.1256e+00,  1.5817e+00, 4.6155e+00, -1.4965e-02, -1.8532e-02, -1.8916e-02,  1.5049e-01, -3.4321e-02,  4.0428e+00,  1.0839e+00, -1.5625e-02,  4.3529e+00, -1.8292e-03, -1.2864e-02, -2.4297e-02, -4.9507e-02,  3.3883e-01, 2.0229e+00,  1.2829e+00,  3.9217e+00,  8.2619e-01,  1.3089e+00}"
"  {13.,  8.,  0., 53.}"," { 1.8806e+00,  3.1900e+00,  2.5213e+00,  1.9533e+00,  8.9115e-01, 2.4472e+00,  2.0282e-01,  4.1128e-01, -3.3176e-03,  5.8001e-01, -6.5564e-03,  8.8354e-01,  2.3399e-01, -4.8700e-03,  1.3116e+00, 5.3192e-01,  1.5047e-01,  6.4555e-01, -4.7083e-03,  8.8204e-01, 2.1250e+00,  1.2043e+00,  2.0510e+00,  7.6819e-01, -1.7695e-04}"
"  {12.,  8.,  0., 13.}"," { 1.6763e+00,  3.0399e+00,  2.8884e+00,  1.9674e+00,  7.8892e-01, 2.2270e+00,  3.4908e-01,  5.2565e-01, -2.8941e-03,  3.9053e-01, -4.6387e-03,  5.9879e-01, -8.0482e-04, -2.9335e-03,  9.7919e-01, 4.5162e-01,  2.5799e-01,  1.3195e+00, -6.8870e-04,  1.5237e+00, 2.3924e+00,  1.3749e+00,  2.2246e+00,  1.1135e+00, -2.1660e-03}"
"  { 19.,   8.,  -2., 739.}"," { 5.6562, 11.5692,  6.7977,  9.4937,  3.2165,  9.4483, -0.0616, -0.0789, -0.0579, -0.0121, -0.1062, 11.1917,  3.0310, -0.0370, 10.9854, -0.0264, -0.0540, -0.0908, -0.1551,  0.2094,  2.6349,  1.0230,  9.1139,  1.0239, 6.6682}"
"  { 2.5000e+01,  2.0000e+01, -2.0000e+00,  5.2230e+03}"," { 3.4841e+01,  7.5211e+01,  4.1602e+01,  6.2741e+01,  2.0824e+01, 6.1454e+01, -4.7039e-01, -6.0618e-01, -4.2734e-01, -9.5040e-02, -7.6889e-01,  7.9112e+01,  1.9983e+01, -2.5494e-01,  7.5483e+01, -2.3074e-01, -4.1104e-01, -6.9156e-01, -1.1119e+00, -7.0119e-03, 1.2944e+01,  2.2510e+00,  5.9940e+01,  4.9842e+00,  5.2251e+01}"
"  { 7.,  4.,  2., 19.}"," { 1.1650e+00,  1.9883e+00,  1.6911e+00,  1.2634e+00,  5.3033e-01, 1.4307e+00,  1.6433e-01,  3.6657e-01, -1.3239e-03,  2.6371e-01, -3.9297e-03,  4.1104e-01,  6.0633e-02, -1.6687e-03,  7.0615e-01, 3.4938e-01,  1.3296e-01,  7.8518e-01, -1.2193e-03,  8.7552e-01, 1.5433e+00,  8.6042e-01,  1.4835e+00,  6.4000e-01, -4.8341e-05}"
"  {  15.,   12.,   10., 1503.}"," {10.5647, 22.2040, 12.6224, 18.4732,  6.2023, 18.0963, -0.1305, -0.1686, -0.1201, -0.0268, -0.2181, 22.6525,  5.9302, -0.0733, 21.8485, -0.0619, -0.1152, -0.1906, -0.3167,  0.0590,  4.3816,  1.3749, 17.7279,  1.6752, 14.4949}"
"  {14., 12.,  6., 71.}"," { 2.3188e+00,  4.1408e+00,  3.3349e+00,  2.6693e+00,  1.2026e+00, 3.2114e+00,  3.6500e-01,  4.9082e-01, -3.8570e-03,  7.4501e-01, -7.5463e-03,  1.1299e+00,  3.0277e-01, -5.3537e-03,  1.5976e+00, 6.2311e-01,  1.3946e-01,  1.0714e+00, -4.4296e-03,  1.1684e+00, 2.8617e+00,  1.7120e+00,  2.6030e+00,  1.0376e+00,  9.9722e-03}"
"  { 17.,  12.,   2., 639.}"," { 5.1098e+00,  1.0403e+01,  6.2991e+00,  8.4369e+00,  2.9208e+00, 8.4621e+00, -5.1207e-02, -6.5355e-02, -4.8953e-02, -8.8139e-03, -9.0158e-02,  9.7265e+00,  2.6386e+00, -3.2506e-02,  9.5798e+00, -2.0952e-02, -4.4873e-02, -7.5700e-02, -1.3260e-01,  2.7678e-01, 2.5818e+00,  1.2014e+00,  7.9942e+00,  1.0329e+00,  5.4349e+00}"
"  {19., 12., -2., 91.}"," { 2.7447,  4.5850,  3.4514,  2.7848,  1.3795,  3.4801,  0.0960,  0.3744, -0.0065,  0.8479, -0.0116,  1.4248,  0.4398, -0.0077,  2.0944,  0.6279, 0.1457,  0.3746, -0.0108,  0.9853,  2.7246,  1.6712,  2.7564,  0.9925, 0.0337}"
"  {  24.,   18.,    6., 2719.}"," { 1.8704e+01,  3.9756e+01,  2.2364e+01,  3.3054e+01,  1.1030e+01, 3.2503e+01, -2.4000e-01, -3.0999e-01, -2.1987e-01, -4.8747e-02, -3.9693e-01,  4.1082e+01,  1.0576e+01, -1.3298e-01,  3.9419e+01, -1.1507e-01, -2.1102e-01, -3.5274e-01, -5.7570e-01, -1.3242e-03, 7.3797e+00,  1.8488e+00,  3.1655e+01,  2.8336e+00,  2.6567e+01}"
"  { 13.,  10.,  -2., 379.}"," { 3.2913e+00,  6.6099e+00,  4.0854e+00,  5.2574e+00,  1.8245e+00, 5.3302e+00, -2.9290e-02, -3.6841e-02, -2.8614e-02, -4.1261e-03, -5.3096e-02,  5.8631e+00,  1.5886e+00, -2.0157e-02,  5.8458e+00, -1.0487e-02, -2.5323e-02, -4.3285e-02, -7.8374e-02,  2.6220e-01, 1.8251e+00,  9.3281e-01,  4.9790e+00,  7.4626e-01,  2.9791e+00}"
"  { 13.,   8.,  -4., 541.}"," { 4.1835e+00,  8.6295e+00,  5.0122e+00,  7.0319e+00,  2.3717e+00, 7.0099e+00, -4.5484e-02, -5.7936e-02, -4.2256e-02, -8.4883e-03, -7.8165e-02,  8.2707e+00,  2.2031e+00, -2.7322e-02,  8.1234e+00, -1.8893e-02, -3.9255e-02, -6.6726e-02, -1.1375e-01,  1.8235e-01, 2.0032e+00,  7.6918e-01,  6.7643e+00,  7.5428e-01,  4.8463e+00}"
"  {3., 2., 2., 3.}"," { 7.5456e-01,  1.2460e+00,  1.0485e+00,  8.0340e-01,  3.3408e-01, 7.8637e-01,  1.1816e-01,  2.3028e-01, -2.1147e-04,  7.4438e-02, -2.6976e-03,  1.8728e-01,  2.5484e-02, -7.9446e-04,  3.9770e-01, 1.7981e-01,  8.7141e-02,  6.7392e-01,  3.0979e-02,  6.5440e-01, 9.5888e-01,  5.8324e-01,  1.0376e+00,  4.1368e-01,  6.7511e-02}"
"  {11.,  8., -2., 31.}"," { 1.6277e+00,  2.8454e+00,  2.4453e+00,  1.6731e+00,  7.4019e-01, 2.1525e+00,  1.9151e-01,  4.5433e-01, -2.6687e-03,  4.7318e-01, -5.0256e-03,  6.9120e-01,  7.2187e-02, -3.7293e-03,  1.0821e+00, 5.0931e-01,  1.6368e-01,  7.5790e-01, -2.9000e-03,  1.0665e+00, 2.0649e+00,  1.0866e+00,  1.9559e+00,  8.2293e-01, -1.6260e-03}"
"  {12.,  8.,  4., 45.}"," { 1.7963e+00,  3.1930e+00,  2.6899e+00,  2.0147e+00,  8.7573e-01, 2.4637e+00,  2.7776e-01,  4.8407e-01, -2.5802e-03,  5.1547e-01, -5.7358e-03,  8.0802e-01,  1.5712e-01, -3.9325e-03,  1.2029e+00, 5.4173e-01,  1.4604e-01,  9.6568e-01, -2.8384e-03,  1.0868e+00, 2.3277e+00,  1.2940e+00,  2.1522e+00,  8.9004e-01, -6.6446e-04}"
"  { 23.,  14.,   0., 985.}"," { 7.4599e+00,  1.5425e+01,  9.0740e+00,  1.2655e+01,  4.2989e+00, 1.2625e+01, -8.1225e-02, -1.0553e-01, -7.6954e-02, -1.5376e-02, -1.4032e-01,  1.4964e+01,  4.0113e+00, -4.9188e-02,  1.4590e+01, -3.5549e-02, -7.1757e-02, -1.2101e-01, -2.0577e-01,  2.6234e-01, 3.4828e+00,  1.4089e+00,  1.2039e+01,  1.3413e+00,  8.7824e+00}"
"  {11.,  4.,  4., 69.}"," { 1.6430e+00,  2.6409e+00,  1.9673e+00,  1.8054e+00,  8.9005e-01, 2.0183e+00, -7.7057e-04,  1.7315e-01, -3.6202e-03,  3.4253e-01, -9.5763e-03,  9.4193e-01,  3.6398e-01, -4.9341e-03,  1.3727e+00, 2.6023e-01, -3.7851e-04,  2.4074e-01, -9.4678e-03,  5.3538e-01, 1.5538e+00,  1.0110e+00,  1.7415e+00,  6.1710e-01,  2.4651e-01}"
"  {9., 8., 8., 9.}"," { 1.7488e+00,  3.2016e+00,  3.0671e+00,  2.1031e+00,  8.7097e-01, 2.3144e+00,  4.7761e-01,  4.8753e-01, -2.4814e-03,  3.2405e-01, -5.0591e-03,  5.0016e-01, -4.6527e-04, -2.6502e-03,  9.5696e-01, 3.2780e-01,  1.9033e-01,  1.6128e+00,  1.3797e-01,  1.6343e+00, 2.5102e+00,  1.5635e+00,  2.3839e+00,  1.1880e+00, -1.6959e-03}"
"  {6., 2., 0., 9.}"," { 9.9251e-01,  1.5666e+00,  1.4039e+00,  9.8373e-01,  4.0252e-01, 1.0800e+00,  1.2560e-01,  3.3968e-01, -1.1489e-03,  1.4773e-01, -3.4129e-03,  2.5580e-01,  1.2283e-02, -1.1895e-03,  5.2547e-01, 3.1224e-01,  1.2547e-01,  7.3792e-01, -6.0813e-04,  7.8517e-01, 1.2318e+00,  6.9454e-01,  1.2557e+00,  5.6253e-01,  3.5623e-02}"
"  { 21.,  18.,  -2., 455.}"," { 4.3108e+00,  8.5218e+00,  5.5921e+00,  6.6207e+00,  2.3852e+00, 6.9113e+00, -3.2205e-02, -4.0149e-02, -3.3457e-02, -2.5659e-03, -6.1296e-02,  7.0662e+00,  1.9478e+00, -2.5249e-02,  7.1153e+00, -9.5889e-03, -2.7986e-02, -4.9070e-02, -9.2232e-02,  3.9662e-01, 2.5977e+00,  1.5167e+00,  6.0814e+00,  1.1286e+00,  3.0225e+00}"
"  { 14.,  10.,   2., 763.}"," { 5.7240, 11.8326,  6.8632,  9.7377,  3.3000,  9.6182, -0.0639, -0.0825, -0.0597, -0.0126, -0.1095, 11.5836,  3.0943, -0.0378, 11.2916, -0.0283, -0.0561, -0.0939, -0.1599,  0.1943,  2.6401,  1.0499,  9.3400,  0.9954, 6.9693}"
"  {  23.,   20.,  -12., 1177.}"," { 8.6827, 18.3833, 10.4440, 15.0488,  5.0239, 15.0474, -0.0991, -0.1309, -0.0935, -0.0184, -0.1690, 18.1071,  4.6931, -0.0586, 17.4895, -0.0443, -0.0872, -0.1499, -0.2474,  0.1903,  3.9039,  1.3759, 14.3030,  1.3966, 10.6742}"
"  { 17.,  12.,   2., 275.}"," { 3.1010e+00,  5.7537e+00,  3.9634e+00,  4.3543e+00,  1.6745e+00, 4.6677e+00, -1.6266e-02, -1.8981e-02, -1.9375e-02,  1.5072e-03, -3.6603e-02,  4.1842e+00,  1.2502e+00, -1.6599e-02,  4.4727e+00, -2.5511e-03, -1.4896e-02, -2.4225e-02, -5.3642e-02,  3.8803e-01, 2.0418e+00,  1.3630e+00,  4.0797e+00,  9.1707e-01,  1.5951e+00}"
"  {13.,  4.,  0.,  1.}"," { 1.4444e+00,  2.6129e+00,  2.6178e+00,  1.6753e+00,  6.9491e-01, 1.9189e+00,  2.9431e-01,  4.5027e-01, -2.4793e-03,  2.1987e-01, -4.2149e-03,  4.1395e-01, -4.2373e-04, -2.7038e-03,  8.2869e-01, 3.3076e-01,  1.5126e-01,  1.3314e+00,  1.4411e-02,  1.3616e+00, 2.0729e+00,  1.2278e+00,  2.0760e+00,  9.6011e-01, -2.0916e-03}"
"  {3., 2., 2., 3.}"," { 8.3783e-01,  1.3531e+00,  1.1812e+00,  8.7591e-01,  3.6613e-01, 8.7714e-01,  1.5586e-01,  2.6984e-01, -2.1050e-04,  7.6452e-02, -2.8508e-03,  1.7767e-01,  4.2222e-02, -9.5795e-04,  4.1343e-01, 1.9142e-01,  9.5529e-02,  7.5397e-01,  3.3463e-02,  7.0583e-01, 1.0609e+00,  6.4491e-01,  1.1403e+00,  4.6905e-01,  6.7393e-02}"
"  { 14.,   8.,  -2., 483.}"," { 3.9471e+00,  7.9464e+00,  4.8333e+00,  6.4319e+00,  2.2172e+00, 6.4437e+00, -3.9334e-02, -4.9018e-02, -3.7257e-02, -6.6709e-03, -6.8807e-02,  7.3611e+00,  1.9888e+00, -2.4924e-02,  7.3025e+00, -1.5376e-02, -3.3599e-02, -5.7212e-02, -1.0100e-01,  2.2040e-01, 1.9980e+00,  9.1502e-01,  6.1386e+00,  8.1585e-01,  4.1243e+00}"
"  {18., 12., -2., 75.}"," { 2.5962e+00,  4.3393e+00,  3.4230e+00,  2.6187e+00,  1.2540e+00, 3.3499e+00,  2.2750e-01,  5.3042e-01, -5.4945e-03,  8.5037e-01, -9.3283e-03,  1.2174e+00,  3.3128e-01, -7.0371e-03,  1.8436e+00, 7.1699e-01,  2.2237e-01,  6.4814e-01, -7.6321e-03,  1.1152e+00, 2.8029e+00,  1.6220e+00,  2.7097e+00,  1.0517e+00, -1.7741e-04}"
"  { 21.,  16.,   8., 305.}"," { 3.8682e+00,  6.9076e+00,  5.0048e+00,  5.1800e+00,  2.1183e+00, 5.6368e+00, -1.4294e-02, -1.6111e-02, -2.0380e-02,  2.1027e-01, -3.9029e-02,  4.5303e+00,  1.4588e+00, -1.9444e-02,  4.9871e+00, -5.7466e-04, -1.4481e-02, -2.1756e-02, -5.6933e-02,  5.4489e-01, 2.6749e+00,  1.9438e+00,  4.7805e+00,  1.2461e+00,  1.5525e+00}"
"  { 15.,  10.,   0., 837.}"," { 6.2299, 12.9006,  7.4546, 10.6480,  3.6048, 10.5103, -0.0706, -0.0911, -0.0659, -0.0139, -0.1205, 12.7070,  3.3794, -0.0414, 12.3820, -0.0316, -0.0617, -0.1039, -0.1760,  0.1754,  2.8102,  1.0740, 10.2003,  1.0626, 7.7058}"
"  {11., 10., -8., 49.}"," { 1.7739e+00,  3.0107e+00,  2.1568e+00,  1.7078e+00,  8.3424e-01, 2.2675e+00,  1.4607e-02,  2.2810e-01, -4.1122e-03,  5.9950e-01, -7.3762e-03,  9.2540e-01,  2.0715e-01, -5.7065e-03,  1.3896e+00, 4.8044e-01,  1.5880e-01,  1.5334e-01, -6.1945e-03,  6.7633e-01, 1.7731e+00,  9.8189e-01,  1.8130e+00,  5.9348e-01, -3.0114e-04}"
"  { 20.,  14.,   2., 339.}"," { 3.6796e+00,  6.8545e+00,  4.6836e+00,  5.1870e+00,  1.9861e+00, 5.5545e+00, -2.1355e-02, -2.5174e-02, -2.4181e-02, -6.1980e-04, -4.5133e-02,  5.1635e+00,  1.5217e+00, -2.0003e-02,  5.4239e+00, -4.0743e-03, -1.9002e-02, -3.2069e-02, -6.6962e-02,  4.1361e-01, 2.3259e+00,  1.5168e+00,  4.8598e+00,  1.0562e+00,  2.0288e+00}"
"  { 16.,  10.,   0., 853.}"," { 6.3644, 13.1519,  7.6092, 10.8391,  3.6769, 10.7087, -0.0719, -0.0927, -0.0670, -0.0142, -0.1227, 12.9334,  3.4427, -0.0421, 12.5997, -0.0319, -0.0628, -0.1059, -0.1791,  0.1830,  2.8698,  1.0892, 10.3929,  1.0895, 7.8569}"
"  { 9.,  8., -2., 19.}"," { 1.4323e+00,  2.5790e+00,  2.2764e+00,  1.5578e+00,  6.4297e-01, 1.8709e+00,  2.0281e-01,  4.2082e-01, -2.3217e-03,  3.9606e-01, -4.0755e-03,  5.8354e-01, -2.6258e-04, -2.5723e-03,  9.1900e-01, 4.4346e-01,  1.9686e-01,  8.7982e-01, -1.4710e-03,  1.1894e+00, 1.9765e+00,  1.0666e+00,  1.8211e+00,  8.3898e-01, -1.7483e-03}"
"  {10.,  6.,  0.,  9.}"," { 1.4377e+00,  2.5543e+00,  2.4238e+00,  1.6547e+00,  6.6580e-01, 1.8473e+00,  2.9122e-01,  4.5646e-01, -2.2425e-03,  3.0072e-01, -4.0497e-03,  4.7554e-01, -4.9223e-04, -2.4245e-03,  8.2098e-01, 3.7834e-01,  2.0599e-01,  1.1650e+00, -4.3717e-04,  1.3042e+00, 2.0195e+00,  1.1633e+00,  1.9213e+00,  9.4349e-01, -1.6904e-03}"
"  { 2.2000e+01,  1.4000e+01, -2.0000e+00,  2.9510e+03}"," { 2.0056e+01,  4.2903e+01,  2.3918e+01,  3.5694e+01,  1.1878e+01, 3.5051e+01, -2.6382e-01, -3.3941e-01, -2.4026e-01, -5.3389e-02, -4.3343e-01,  4.4670e+01,  1.1389e+01, -1.4440e-01,  4.2785e+01, -1.2724e-01, -2.3044e-01, -3.8743e-01, -6.2728e-01, -2.6217e-03, 7.6954e+00,  1.6180e+00,  3.4180e+01,  2.9534e+00,  2.9184e+01}"
"  { 9.,  6., -4., 45.}"," { 1.3967e+00,  2.2550e+00,  1.5195e+00,  1.3015e+00,  6.6518e-01, 1.6477e+00, -8.2461e-04,  1.1925e-01, -3.0625e-03,  3.6247e-01, -7.3291e-03,  7.5610e-01,  2.2790e-01, -3.7631e-03,  1.1374e+00, 3.0250e-01,  6.2342e-02,  7.8248e-02, -6.3495e-03,  4.5376e-01, 1.2705e+00,  7.3249e-01,  1.4270e+00,  4.1493e-01,  9.9181e-02}"
"  {  22.,   14.,    0., 3557.}"," { 2.3997e+01,  5.1445e+01,  2.8639e+01,  4.2889e+01,  1.4270e+01, 4.2024e+01, -3.1910e-01, -4.1015e-01, -2.9020e-01, -6.4788e-02, -5.2300e-01,  5.3809e+01,  1.3689e+01, -1.7388e-01,  5.1475e+01, -1.5508e-01, -2.7861e-01, -4.6813e-01, -7.5683e-01, -3.8732e-03, 9.0727e+00,  1.7939e+00,  4.1032e+01,  3.5157e+00,  3.5389e+01}"
"  { 18.,  10.,  -6., 127.}"," { 2.4788e+00,  4.2574e+00,  2.8149e+00,  2.7511e+00,  1.3424e+00, 3.3043e+00, -4.4277e-03, -3.6164e-03, -8.0907e-03,  4.8503e-01, -1.8590e-02,  2.0336e+00,  6.7114e-01, -9.1737e-03,  2.5682e+00, 2.2271e-01, -2.8575e-03, -6.4683e-03, -2.1152e-02,  5.0002e-01, 1.9779e+00,  1.2392e+00,  2.6731e+00,  6.8676e-01,  4.4676e-01}"
"  {  20.,   18.,   -2., 1603.}"," {11.3376, 24.0773, 13.5944, 19.8804,  6.6284, 19.6574, -0.1389, -0.1810, -0.1285, -0.0275, -0.2324, 24.4043,  6.2997, -0.0789, 23.4760, -0.0650, -0.1222, -0.2057, -0.3380,  0.0740,  4.7775,  1.4579, 19.0061,  1.7498, 15.1985}"
"  { 19.,   8.,   2., 851.}"," { 6.4374, 13.1274,  7.7327, 10.8147,  3.6927, 10.7183, -0.0716, -0.0910, -0.0667, -0.0143, -0.1224, 12.8150,  3.4754, -0.0422, 12.5614, -0.0311, -0.0623, -0.1046, -0.1787,  0.2025,  2.9294,  1.1456, 10.3859,  1.1482, 7.7720}"
"  { 20.,  14.,  -6., 419.}"," { 3.8823e+00,  7.7139e+00,  4.9394e+00,  5.9962e+00,  2.1327e+00, 6.2529e+00, -3.0963e-02, -3.8449e-02, -3.1287e-02, -3.1319e-03, -5.7626e-02,  6.5290e+00,  1.7803e+00, -2.2997e-02,  6.5641e+00, -9.4606e-03, -2.6517e-02, -4.7088e-02, -8.5840e-02,  3.3199e-01, 2.2632e+00,  1.2237e+00,  5.5811e+00,  9.5050e-01,  2.9577e+00}"
"  {  18.,   16.,    2., 1351.}"," { 9.7092, 20.4183, 11.6396, 16.9009,  5.6797, 16.6591, -0.1154, -0.1504, -0.1075, -0.0229, -0.1949, 20.5049,  5.3678, -0.0664, 19.8081, -0.0537, -0.1019, -0.1708, -0.2842,  0.1290,  4.1897,  1.4439, 16.1345,  1.5712, 12.6875}"
"  { 14.,   8.,   0., 509.}"," { 4.1052e+00,  8.2615e+00,  4.9929e+00,  6.7199e+00,  2.3174e+00, 6.6963e+00, -4.1410e-02, -5.2026e-02, -3.9121e-02, -7.4569e-03, -7.2543e-02,  7.7386e+00,  2.1063e+00, -2.6022e-02,  7.6465e+00, -1.6647e-02, -3.5826e-02, -6.0534e-02, -1.0634e-01,  2.3404e-01, 2.0461e+00,  9.1076e-01,  6.4288e+00,  8.3405e-01,  4.4200e+00}"
"  {20., 16., -8., 89.}"," { 2.9236e+00,  4.9023e+00,  3.7120e+00,  2.8848e+00,  1.4098e+00, 3.7806e+00,  1.3993e-01,  3.9745e-01, -7.0919e-03,  9.9189e-01, -1.1096e-02,  1.5122e+00,  3.8016e-01, -8.8434e-03,  2.2121e+00, 7.6448e-01,  2.0342e-01,  3.0922e-01, -1.0601e-02,  1.0885e+00, 2.9114e+00,  1.6967e+00,  2.9019e+00,  1.0616e+00, -5.4559e-04}"
"  { 17.,  12.,   4., 697.}"," { 5.4952e+00,  1.1171e+01,  6.7360e+00,  9.1247e+00,  3.1460e+00, 9.0946e+00, -5.6274e-02, -7.2049e-02, -5.3623e-02, -1.0208e-02, -9.8626e-02,  1.0558e+01,  2.8774e+00, -3.5239e-02,  1.0382e+01, -2.3647e-02, -4.9597e-02, -8.2848e-02, -1.4486e-01,  2.7401e-01, 2.7118e+00,  1.2383e+00,  8.6675e+00,  1.0947e+00,  6.0534e+00}"
"  { 17.,  12.,   4., 189.}"," { 2.8610,  5.0097,  3.5631,  3.5739,  1.5581,  3.9572, -0.0074, -0.0072, -0.0115,  0.3281, -0.0247,  2.8456,  0.9808, -0.0126,  3.2686,  0.1025, -0.0075, -0.0103, -0.0334,  0.4867,  2.1763,  1.5461,  3.3480,  0.9177, 0.8510}"
"  { 15.,  14.,   2., 691.}"," { 5.3668e+00,  1.1091e+01,  6.5498e+00,  9.0254e+00,  3.0723e+00, 9.0123e+00, -5.6186e-02, -7.3035e-02, -5.3371e-02, -1.0043e-02, -9.7928e-02,  1.0545e+01,  2.8213e+00, -3.4825e-02,  1.0308e+01, -2.3927e-02, -4.9719e-02, -8.3155e-02, -1.4345e-01,  2.5113e-01, 2.6545e+00,  1.1883e+00,  8.5831e+00,  1.0131e+00,  6.0090e+00}"
"  {24., 16.,  4., 85.}"," { 3.2310e+00,  5.7963e+00,  4.9452e+00,  3.6148e+00,  1.5748e+00, 4.5823e+00,  5.3645e-01,  7.9212e-01, -6.2024e-03,  1.0740e+00, -9.1840e-03,  1.5484e+00,  2.7818e-01, -8.1885e-03,  2.1926e+00, 9.9172e-01,  2.4774e-01,  1.4719e+00, -6.0483e-03,  1.8726e+00, 4.1019e+00,  2.2832e+00,  3.7414e+00,  1.5814e+00, -2.9050e-03}"
"  {11., 10., -6., 27.}"," { 1.6256e+00,  2.9062e+00,  2.4498e+00,  1.6539e+00,  7.1693e-01, 2.1920e+00,  1.7425e-01,  4.3682e-01, -2.8210e-03,  5.0921e-01, -5.1416e-03,  7.0617e-01,  3.1593e-02, -4.3573e-03,  1.1136e+00, 5.3989e-01,  1.7745e-01,  7.1427e-01, -2.7328e-03,  1.0759e+00, 2.0815e+00,  1.0415e+00,  1.9350e+00,  8.5166e-01, -2.1812e-03}"
"  {2.6000e+01, 1.6000e+01, 0.0000e+00, 1.8473e+04}"," { 1.2115e+02,  2.6262e+02,  1.4449e+02,  2.1999e+02,  7.3119e+01, 2.1422e+02, -1.6876e+00, -2.1623e+00, -1.5220e+00, -3.4277e-01, -2.7346e+00,  2.7907e+02,  6.9982e+01, -8.9978e-01,  2.6573e+02, -8.4014e-01, -1.4658e+00, -2.4639e+00, -3.9454e+00, -3.6079e-02, 4.3217e+01,  5.8466e+00,  2.0978e+02,  1.7092e+01,  1.8760e+02}"
"  {  9.,   8.,   6., 103.}"," { 1.8302e+00,  3.0819e+00,  2.2674e+00,  2.2463e+00,  1.0258e+00, 2.3652e+00, -3.0474e-03, -1.3292e-03, -5.4596e-03,  2.8951e-01, -1.3461e-02,  1.4743e+00,  5.3976e-01, -7.1404e-03,  1.8066e+00, 1.2977e-01, -3.0321e-03, -1.0248e-03, -1.6576e-02,  4.3646e-01, 1.5997e+00,  1.1409e+00,  2.1121e+00,  6.5928e-01,  4.5528e-01}"
"  { 12.,  10.,   4., 201.}"," { 2.4744e+00,  4.4619e+00,  3.1344e+00,  3.3519e+00,  1.3161e+00, 3.5714e+00, -1.0606e-02, -1.1755e-02, -1.3691e-02,  6.2504e-02, -2.6443e-02,  3.0200e+00,  9.2578e-01, -1.2531e-02,  3.3177e+00, -8.5106e-04, -1.0114e-02, -1.4840e-02, -3.8108e-02,  3.4468e-01, 1.7217e+00,  1.2297e+00,  3.1789e+00,  7.7494e-01,  1.1266e+00}"
"  {10.,  6., -2.,  3.}"," { 1.3384e+00,  2.4279e+00,  2.3559e+00,  1.5510e+00,  6.2263e-01, 1.7488e+00,  2.8522e-01,  4.2033e-01, -1.9481e-03,  2.7101e-01, -3.8595e-03,  4.9042e-01, -6.0621e-04, -2.4213e-03,  7.8073e-01, 3.4649e-01,  2.0191e-01,  1.1124e+00, -4.5815e-04,  1.2523e+00, 1.8875e+00,  1.0762e+00,  1.8449e+00,  8.9340e-01, -1.6093e-03}"
"  {3., 2., 2., 3.}"," { 8.0557e-01,  1.3121e+00,  1.1595e+00,  8.4049e-01,  3.5396e-01, 8.4030e-01,  1.2598e-01,  2.6132e-01, -3.1274e-04,  6.4333e-02, -2.8344e-03,  1.7453e-01,  2.9758e-02, -7.3368e-04,  4.0473e-01, 1.8523e-01,  8.3317e-02,  7.3325e-01,  4.0422e-02,  6.9250e-01, 1.0295e+00,  6.3649e-01,  1.0892e+00,  4.4962e-01,  5.4686e-02}"
"  {2.5000e+01, 1.4000e+01, 4.0000e+00, 7.9290e+03}"," { 5.2449e+01,  1.1326e+02,  6.2620e+01,  9.4742e+01,  3.1503e+01, 9.2456e+01, -7.1973e-01, -9.2274e-01, -6.5079e-01, -1.4634e-01, -1.1708e+00,  1.1978e+02,  3.0210e+01, -3.8642e-01,  1.1423e+02, -3.5562e-01, -6.2658e-01, -1.0523e+00, -1.6907e+00, -1.3029e-02, 1.9081e+01,  2.9781e+00,  9.0459e+01,  7.4960e+00,  8.0020e+01}"
"  { 12.,   6.,   0., 157.}"," { 2.0024e+00,  3.5137e+00,  2.4321e+00,  2.6164e+00,  1.0405e+00, 2.8247e+00, -8.8811e-03, -8.9400e-03, -1.1034e-02,  3.9342e-02, -2.1763e-02,  2.3524e+00,  7.3539e-01, -9.9581e-03,  2.6685e+00, -3.4194e-04, -7.7790e-03, -1.2183e-02, -3.0657e-02,  2.8499e-01, 1.3501e+00,  9.0515e-01,  2.5721e+00,  6.0949e-01,  9.1690e-01}"
"  { 14.,  10.,   2., 447.}"," { 3.7920e+00,  7.5769e+00,  4.7039e+00,  6.0963e+00,  2.1304e+00, 6.1277e+00, -3.4562e-02, -4.3581e-02, -3.3678e-02, -5.3804e-03, -6.2484e-02,  6.8174e+00,  1.8799e+00, -2.3275e-02,  6.7948e+00, -1.3111e-02, -3.0334e-02, -5.0715e-02, -9.2240e-02,  2.8021e-01, 2.0507e+00,  1.0550e+00,  5.7702e+00,  8.5724e-01,  3.6191e+00}"
"  { 8.,  8.,  6., 27.}"," { 1.5425e+00,  2.8853e+00,  2.5407e+00,  1.8968e+00,  8.0847e-01, 2.1446e+00,  3.0947e-01,  4.3391e-01, -2.0027e-03,  3.9146e-01, -4.8906e-03,  6.2104e-01,  4.9444e-02, -2.2666e-03,  9.5782e-01, 3.8360e-01,  1.4578e-01,  1.2093e+00, -5.3648e-04,  1.2463e+00, 2.2362e+00,  1.3275e+00,  2.0112e+00,  9.2606e-01, -7.8953e-04}"
"  {  26.,   14.,   -4., 2909.}"," { 1.9861e+01,  4.2403e+01,  2.3729e+01,  3.5260e+01,  1.1726e+01, 3.4697e+01, -2.5941e-01, -3.3366e-01, -2.3672e-01, -5.2375e-02, -4.2693e-01,  4.4028e+01,  1.1257e+01, -1.4263e-01,  4.2211e+01, -1.2440e-01, -2.2666e-01, -3.8156e-01, -6.1818e-01, -2.2344e-03, 7.6685e+00,  1.6209e+00,  3.3761e+01,  2.9489e+00,  2.8643e+01}"
"  { 2.1000e+01,  1.6000e+01, -6.0000e+00,  8.5950e+03}"," { 5.6671e+01,  1.2278e+02,  6.7568e+01,  1.0266e+02,  3.4084e+01, 1.0018e+02, -7.8238e-01, -1.0042e+00, -7.0686e-01, -1.5842e-01, -1.2707e+00,  1.3004e+02,  3.2640e+01, -4.1910e-01,  1.2389e+02, -3.8736e-01, -6.8021e-01, -1.1448e+00, -1.8344e+00, -1.5144e-02, 2.0494e+01,  2.9891e+00,  9.7984e+01,  7.9992e+00,  8.6863e+01}"
"  { 26.,  20.,  -8., 581.}"," { 5.2314e+00,  1.0547e+01,  6.7229e+00,  8.2441e+00,  2.9159e+00, 8.6090e+00, -4.2986e-02, -5.4622e-02, -4.3746e-02, -4.3421e-03, -7.9562e-02,  9.0520e+00,  2.4434e+00, -3.1703e-02,  9.0248e+00, -1.4132e-02, -3.7324e-02, -6.6299e-02, -1.1901e-01,  4.0102e-01, 2.9988e+00,  1.6064e+00,  7.5977e+00,  1.2584e+00,  4.1173e+00}"
"  {  22.,   14.,   -8., 2581.}"," { 1.7622e+01,  3.7733e+01,  2.1003e+01,  3.1352e+01,  1.0400e+01, 3.0850e+01, -2.3027e-01, -2.9702e-01, -2.1030e-01, -4.6276e-02, -3.7908e-01,  3.9182e+01,  9.9719e+00, -1.2671e-01,  3.7537e+01, -1.1048e-01, -2.0109e-01, -3.3956e-01, -5.4904e-01, -1.9741e-03, 6.8078e+00,  1.4184e+00,  3.0021e+01,  2.5888e+00,  2.5410e+01}"
"  {  18.,   12.,    8., 1757.}"," { 1.2288e+01,  2.5861e+01,  1.4672e+01,  2.1496e+01,  7.2062e+00, 2.1097e+01, -1.5378e-01, -1.9806e-01, -1.4112e-01, -3.1505e-02, -2.5574e-01,  2.6497e+01,  6.8975e+00, -8.5943e-02,  2.5519e+01, -7.2898e-02, -1.3516e-01, -2.2477e-01, -3.7112e-01,  1.6462e-02, 4.9919e+00,  1.4519e+00,  2.0638e+01,  1.9215e+00,  1.7033e+01}"
"  {17., 16.,  8.,  9.}"," { 2.6828e+00,  5.0920e+00,  5.0977e+00,  3.3239e+00,  1.3793e+00, 3.8342e+00,  8.2346e-01,  7.3131e-01, -4.7516e-03,  5.8222e-01, -7.6988e-03,  8.2158e-01, -1.4089e-03, -4.4755e-03,  1.4877e+00, 4.7038e-01,  2.5101e-01,  2.5078e+00,  2.3638e-01,  2.5279e+00, 3.9995e+00,  2.4728e+00,  3.6777e+00,  2.0013e+00, -3.4728e-03}"
"  {14.,  8., -6., 51.}"," { 1.9808e+00,  3.1741e+00,  2.4307e+00,  1.8067e+00,  8.9768e-01, 2.3946e+00,  1.1334e-01,  4.1026e-01, -4.3622e-03,  6.2159e-01, -7.4007e-03,  8.7722e-01,  2.3795e-01, -5.5267e-03,  1.4080e+00, 5.6360e-01,  2.1633e-01,  3.4337e-01, -6.1753e-03,  8.3852e-01, 1.9998e+00,  1.0944e+00,  2.0227e+00,  7.4566e-01, -3.3916e-04}"
"  {10.,  6.,  0., 89.}"," { 1.6239e+00,  2.7576e+00,  1.8547e+00,  1.8860e+00,  8.7528e-01, 2.0905e+00, -3.5687e-03, -2.2219e-03, -5.1805e-03,  2.5177e-01, -1.2943e-02,  1.3504e+00,  4.7043e-01, -6.1208e-03,  1.7007e+00, 1.2218e-01, -2.6226e-03, -3.1274e-03, -1.5138e-02,  3.3743e-01, 1.3270e+00,  8.8374e-01,  1.8711e+00,  5.0167e-01,  4.2861e-01}"
"  {  25.,   18.,    0., 4709.}"," { 3.1558e+01,  6.7886e+01,  3.7670e+01,  5.6632e+01,  1.8822e+01, 5.5476e+01, -4.2346e-01, -5.4492e-01, -3.8498e-01, -8.5703e-02, -6.9281e-01,  7.1248e+01,  1.8059e+01, -2.2997e-01,  6.8064e+01, -2.0702e-01, -3.6991e-01, -6.2193e-01, -1.0023e+00, -6.0211e-03, 1.1783e+01,  2.1661e+00,  5.4128e+01,  4.5673e+00,  4.7018e+01}"
"  {0., 0., 0., 1.}"," { 3.7925e-01,  4.4578e-01,  3.2396e-01,  3.2561e-01,  1.2445e-01, 2.0219e-01, -1.1342e-04,  1.4097e-01,  2.3194e-02, -4.3197e-04, -2.2017e-03,  7.9916e-02,  5.3516e-02, -2.4935e-04,  1.6167e-01, 1.3301e-01,  5.0424e-02,  3.1127e-01, -5.5610e-04,  2.9133e-01, 3.5410e-01,  2.1452e-01,  4.8665e-01,  1.5711e-01,  1.7564e-01}"
"  { 8.,  4., -2., 35.}"," { 1.3186,  2.0098,  1.4926,  1.2087,  0.6155,  1.5008,  0.0415,  0.2744, -0.0024,  0.3248, -0.0058,  0.5185,  0.1833, -0.0030,  0.9085,  0.3432, 0.1154,  0.3402, -0.0040,  0.4947,  1.2951,  0.7685,  1.3479,  0.4936, 0.1353}"
"  {  23.,   12.,   -4., 3373.}"," { 2.2760e+01,  4.8832e+01,  2.7169e+01,  4.0680e+01,  1.3519e+01, 3.9913e+01, -3.0311e-01, -3.8911e-01, -2.7548e-01, -6.1283e-02, -4.9658e-01,  5.1053e+01,  1.2977e+01, -1.6508e-01,  4.8860e+01, -1.4686e-01, -2.6412e-01, -4.4477e-01, -7.1803e-01, -3.6089e-03, 8.6038e+00,  1.6289e+00,  3.8928e+01,  3.3176e+00,  3.3538e+01}"
"  { 8.,  6.,  4., 17.}"," { 1.4070e+00,  2.4864e+00,  2.2634e+00,  1.6342e+00,  6.7475e-01, 1.7957e+00,  3.0600e-01,  4.2148e-01, -1.8575e-03,  3.1424e-01, -4.1993e-03,  4.7637e-01, -8.7110e-05, -1.6732e-03,  7.9083e-01, 3.4948e-01,  1.7503e-01,  1.1232e+00, -2.0983e-04,  1.2095e+00, 1.9648e+00,  1.1640e+00,  1.8223e+00,  8.8318e-01, -6.2364e-04}"
"  { 24.,  16.,   0., 553.}"," { 4.9748e+00,  9.8210e+00,  6.2993e+00,  7.7209e+00,  2.7561e+00, 7.9939e+00, -4.0998e-02, -5.1455e-02, -4.1202e-02, -5.0181e-03, -7.5849e-02,  8.4692e+00,  2.3672e+00, -2.9707e-02,  8.4805e+00, -1.3702e-02, -3.5965e-02, -6.1784e-02, -1.1286e-01,  4.0147e-01, 2.8157e+00,  1.5372e+00,  7.2115e+00,  1.2015e+00,  4.0451e+00}"
"  {13.,  8.,  0., 89.}"," { 2.0158e+00,  3.3611e+00,  2.3371e+00,  2.2032e+00,  1.0918e+00, 2.5670e+00, -1.8153e-03, -5.5359e-05, -5.3005e-03,  4.5153e-01, -1.2710e-02,  1.3338e+00,  4.5418e-01, -6.1762e-03,  1.8288e+00, 2.6105e-01, -1.0523e-03, -3.0074e-04, -1.3093e-02,  5.5332e-01, 1.8167e+00,  1.1628e+00,  2.1245e+00,  6.7288e-01,  2.9731e-01}"
"  {  15.,   12.,    6., 1039.}"," { 7.5869, 15.7992,  9.0892, 13.0911,  4.4238, 12.8767, -0.0877, -0.1140, -0.0819, -0.0176, -0.1494, 15.7395,  4.1873, -0.0510, 15.2645, -0.0404, -0.0775, -0.1291, -0.2181,  0.1864,  3.3601,  1.2602, 12.5329,  1.2654, 9.6756}"
"  { 14.,   6.,  -2., 135.}"," { 2.0599,  3.5106,  2.4465,  2.4565,  1.0668,  2.7677, -0.0067, -0.0055, -0.0092,  0.1774, -0.0192,  2.0314,  0.6592, -0.0091,  2.4490,  0.0829, -0.0052, -0.0088, -0.0254,  0.3092,  1.4851,  0.9991,  2.4424,  0.6323, 0.6725}"
"  { 19.,  16.,   4., 633.}"," { 5.3100e+00,  1.0688e+01,  6.6687e+00,  8.5683e+00,  3.0186e+00, 8.6762e+00, -4.8813e-02, -6.2067e-02, -4.7823e-02, -7.3673e-03, -8.7811e-02,  9.6439e+00,  2.6433e+00, -3.2885e-02,  9.5592e+00, -1.8904e-02, -4.2969e-02, -7.2486e-02, -1.3005e-01,  3.3709e-01, 2.8472e+00,  1.4977e+00,  8.0240e+00,  1.1855e+00,  5.0522e+00}"
"  {  19.,   10.,    0., 1937.}"," { 1.3388e+01,  2.8392e+01,  1.5954e+01,  2.3602e+01,  7.8614e+00, 2.3196e+01, -1.7177e-01, -2.2063e-01, -1.5694e-01, -3.4958e-02, -2.8390e-01,  2.9293e+01,  7.5551e+00, -9.5002e-02,  2.8170e+01, -8.1656e-02, -1.5023e-01, -2.5189e-01, -4.1117e-01, -6.9922e-04, 5.2848e+00,  1.2640e+00,  2.2655e+01,  2.0317e+00,  1.8992e+01}"
"  { 14.,   8.,   2., 375.}"," { 3.3422e+00,  6.5189e+00,  4.1605e+00,  5.1964e+00,  1.8455e+00, 5.2519e+00, -2.8660e-02, -3.4893e-02, -2.8031e-02, -4.1637e-03, -5.2360e-02,  5.6886e+00,  1.6069e+00, -1.9846e-02,  5.7515e+00, -9.9415e-03, -2.4757e-02, -4.1280e-02, -7.7190e-02,  2.7403e-01, 1.8736e+00,  1.0175e+00,  4.9294e+00,  8.0382e-01,  2.9308e+00}"
"  { 14.,  14.,  -8., 301.}"," { 2.8769e+00,  5.8352e+00,  3.6781e+00,  4.4540e+00,  1.5599e+00, 4.6731e+00, -2.1960e-02, -2.7591e-02, -2.2345e-02, -1.4656e-03, -4.1303e-02,  4.8193e+00,  1.2515e+00, -1.6936e-02,  4.8335e+00, -6.1101e-03, -1.8533e-02, -3.3491e-02, -6.1356e-02,  2.8310e-01, 1.7977e+00,  9.9285e-01,  4.1430e+00,  7.1369e-01,  1.9623e+00}"
"  {12., 10.,  4., 77.}"," { 2.1421,  3.6517,  2.7704,  2.3712,  1.1342,  2.7680,  0.0934,  0.3206, -0.0044,  0.6063, -0.0093,  1.1072,  0.3457, -0.0056,  1.6368,  0.4328, 0.0895,  0.5426, -0.0081,  0.8011,  2.2913,  1.4712,  2.2392,  0.8084, 0.1046}"
"  {11.,  6.,  2., 83.}"," { 1.7070e+00,  2.8708e+00,  2.0400e+00,  1.9647e+00,  9.4066e-01, 2.2007e+00, -2.1738e-03, -1.3869e-04, -4.5600e-03,  3.2473e-01, -1.1703e-02,  1.2142e+00,  4.2503e-01, -5.8183e-03,  1.6198e+00, 1.9103e-01, -1.5513e-03, -1.5602e-04, -1.2564e-02,  4.6704e-01, 1.5539e+00,  1.0135e+00,  1.8788e+00,  5.8372e-01,  3.2338e-01}"
"  {11., 10., -4., 85.}"," { 1.7977e+00,  3.1846e+00,  2.0762e+00,  2.0761e+00,  9.7400e-01, 2.4358e+00, -2.4917e-03, -1.9769e-03, -5.2326e-03,  3.9543e-01, -1.2450e-02,  1.4044e+00,  4.3700e-01, -6.3982e-03,  1.7959e+00, 2.0006e-01, -1.6956e-03, -2.1528e-03, -1.3108e-02,  4.6518e-01, 1.6266e+00,  1.0014e+00,  1.9899e+00,  5.2077e-01,  2.4590e-01}"
"  {17., 14., -8., 69.}"," { 2.5074e+00,  4.2331e+00,  3.2123e+00,  2.4306e+00,  1.1840e+00, 3.2377e+00,  1.6336e-01,  4.1695e-01, -5.8384e-03,  8.9135e-01, -9.0369e-03,  1.2269e+00,  2.8086e-01, -7.5301e-03,  1.8672e+00, 6.9984e-01,  2.1690e-01,  3.8428e-01, -7.9300e-03,  1.0291e+00, 2.6006e+00,  1.4623e+00,  2.5615e+00,  9.4720e-01, -8.4539e-04}"
"  {  16.,   12.,    4., 1385.}"," { 9.7805, 20.6214, 11.6787, 17.0867,  5.7085, 16.7989, -0.1203, -0.1558, -0.1108, -0.0244, -0.2011, 20.9714,  5.4591, -0.0679, 20.2106, -0.0565, -0.1059, -0.1765, -0.2920,  0.0744,  4.0939,  1.2595, 16.4075,  1.5314, 13.2615}"
"  { 21.,  16.,  -4., 101.}"," { 3.1186e+00,  5.2390e+00,  3.9806e+00,  3.1504e+00,  1.5340e+00, 4.0189e+00,  1.6523e-01,  4.1001e-01, -7.4713e-03,  1.0152e+00, -1.2268e-02,  1.6383e+00,  4.5918e-01, -9.0882e-03,  2.3613e+00, 7.4756e-01,  1.6898e-01,  4.1096e-01, -1.1878e-02,  1.1342e+00, 3.1019e+00,  1.8871e+00,  3.1182e+00,  1.1357e+00, -6.5955e-05}"
"  { 20.,  14.,   2., 651.}"," { 5.4045e+00,  1.0873e+01,  6.7382e+00,  8.7503e+00,  3.0590e+00, 8.8519e+00, -5.1009e-02, -6.4715e-02, -4.9697e-02, -8.0570e-03, -9.1072e-02,  9.9135e+00,  2.7200e+00, -3.3803e-02,  9.8237e+00, -1.9980e-02, -4.4758e-02, -7.5623e-02, -1.3462e-01,  3.2098e-01, 2.8316e+00,  1.4264e+00,  8.2333e+00,  1.1769e+00,  5.2909e+00}"
"  { 9.,  6., -4., 33.}"," { 1.4428,  2.2919,  1.7689,  1.3147,  0.6301,  1.7098,  0.1080,  0.3221, -0.0024,  0.3773, -0.0056,  0.5738,  0.1526, -0.0034,  0.9677,  0.4048, 0.1320,  0.4287, -0.0035,  0.6342,  1.5291,  0.8446,  1.5154,  0.5989, 0.0422}"
"  { 8.,  4.,  4., 33.}"," { 1.3473e+00,  2.2917e+00,  1.8861e+00,  1.4641e+00,  6.8179e-01, 1.7374e+00,  1.6868e-01,  3.8778e-01, -1.6664e-03,  3.2383e-01, -5.1801e-03,  5.2457e-01,  1.6141e-01, -2.3872e-03,  8.8767e-01, 3.7110e-01,  1.0990e-01,  7.6090e-01, -2.1711e-03,  7.6902e-01, 1.6933e+00,  9.7657e-01,  1.6192e+00,  6.3216e-01,  6.0403e-02}"
"  {2.8000e+01, 1.6000e+01, 2.0000e+00, 2.2190e+03}"," { 1.5517e+01,  3.2805e+01,  1.8626e+01,  2.7207e+01,  9.0944e+00, 2.6855e+01, -1.9376e-01, -2.5051e-01, -1.7850e-01, -3.9119e-02, -3.2253e-01,  3.3556e+01,  8.7055e+00, -1.0894e-01,  3.2283e+01, -9.1388e-02, -1.7040e-01, -2.8561e-01, -4.6880e-01,  8.0044e-03, 6.3112e+00,  1.7440e+00,  2.6043e+01,  2.4084e+00,  2.1329e+01}"
"  {14.,  8.,  2., 87.}"," { 2.1558e+00,  3.5232e+00,  2.5693e+00,  2.3107e+00,  1.1571e+00, 2.6935e+00, -7.7338e-04,  1.7045e-01, -5.2410e-03,  5.2116e-01, -1.1900e-02,  1.2349e+00,  4.3604e-01, -6.0822e-03,  1.7941e+00, 3.3262e-01, -3.1934e-04,  2.1254e-01, -1.1677e-02,  6.3862e-01, 2.0195e+00,  1.3134e+00,  2.2038e+00,  7.7236e-01,  2.4707e-01}"
"  {10.,  8.,  6., 23.}"," { 1.7325e+00,  3.1178e+00,  2.8532e+00,  2.0681e+00,  8.7052e-01, 2.2945e+00,  3.9053e-01,  4.9643e-01, -2.7773e-03,  4.0365e-01, -5.0939e-03,  5.8995e-01,  9.9937e-03, -2.1626e-03,  9.9284e-01, 4.1152e-01,  1.9366e-01,  1.3960e+00, -1.6228e-04,  1.4853e+00, 2.4592e+00,  1.4901e+00,  2.2509e+00,  1.1001e+00, -9.8069e-04}"
"  {6., 2., 0., 9.}"," { 9.8353e-01,  1.5919e+00,  1.4292e+00,  9.9790e-01,  4.1197e-01, 1.1059e+00,  1.2343e-01,  3.3193e-01, -1.1003e-03,  1.5113e-01, -3.4092e-03,  2.7985e-01,  1.8185e-02, -1.2030e-03,  5.4349e-01, 3.0085e-01,  1.2481e-01,  7.2626e-01, -7.4300e-04,  7.9064e-01, 1.2406e+00,  7.0282e-01,  1.2591e+00,  5.5816e-01,  2.4913e-02}"
"  { 13.,  10.,  -2., 119.}"," { 2.1127e+00,  3.7468e+00,  2.5024e+00,  2.5214e+00,  1.1778e+00, 2.8730e+00, -4.5310e-03, -3.7465e-03, -7.0070e-03,  3.7232e-01, -1.6729e-02,  1.8914e+00,  5.9010e-01, -8.3553e-03,  2.2830e+00, 1.3708e-01, -3.1185e-03, -5.3910e-03, -1.9843e-02,  4.3437e-01, 1.7672e+00,  1.1460e+00,  2.3956e+00,  6.2343e-01,  4.3315e-01}"
"  { 26.,  12.,   2., 759.}"," { 6.2183e+00,  1.2417e+01,  7.6985e+00,  1.0040e+01,  3.5023e+00, 1.0180e+01, -6.0391e-02, -7.6060e-02, -5.8288e-02, -1.0283e-02, -1.0684e-01,  1.1462e+01,  3.1871e+00, -3.9151e-02,  1.1363e+01, -2.3679e-02, -5.2826e-02, -8.9285e-02, -1.5746e-01,  3.4246e-01, 3.1351e+00,  1.4841e+00,  9.5183e+00,  1.3066e+00,  6.3206e+00}"
"  { 23.,  22., -12., 761.}"," { 6.1274e+00,  1.2859e+01,  7.6613e+00,  1.0265e+01,  3.4820e+00, 1.0495e+01, -6.0408e-02, -7.9604e-02, -5.8982e-02, -8.8363e-03, -1.0672e-01,  1.1879e+01,  3.0796e+00, -3.9711e-02,  1.1582e+01, -2.4131e-02, -5.3096e-02, -9.3150e-02, -1.5790e-01,  3.0565e-01, 3.1735e+00,  1.4153e+00,  9.5815e+00,  1.2127e+00,  6.1676e+00}"
"  {14.,  8., -2., 67.}"," { 2.0145,  3.2933,  2.4220,  2.0029,  0.9875,  2.4840,  0.0182,  0.2631, -0.0045,  0.5598, -0.0093,  1.0368,  0.3355, -0.0055,  1.5647,  0.4411, 0.0900,  0.2663, -0.0084,  0.6917,  1.9380,  1.1720,  2.0359,  0.6965, 0.0901}"
"  {0., 0., 0., 1.}"," { 4.6112e-01,  5.3278e-01,  4.6898e-01,  4.0125e-01,  1.9257e-01, 2.7011e-01,  2.9859e-02,  2.1272e-01,  2.8846e-02, -7.5624e-04, -2.5256e-03,  7.2620e-02,  6.8335e-02, -7.6860e-04,  1.5984e-01, 1.5193e-01,  6.1311e-02,  3.9761e-01, -5.0334e-04,  3.0497e-01, 4.1183e-01,  2.5742e-01,  5.6696e-01,  2.4206e-01,  2.0134e-01}"
"  { 16.,   8.,   4., 837.}"," { 6.2870, 12.8421,  7.5214, 10.6125,  3.6239, 10.4658, -0.0706, -0.0899, -0.0657, -0.0142, -0.1205, 12.5956,  3.4127, -0.0413, 12.3371, -0.0312, -0.0616, -0.1028, -0.1758,  0.1835,  2.8386,  1.1229, 10.1984,  1.1093, 7.7205}"
"  { 15.,  10.,   0., 465.}"," { 3.9084e+00,  7.8917e+00,  4.8813e+00,  6.3185e+00,  2.2026e+00, 6.3862e+00, -3.6462e-02, -4.5741e-02, -3.5181e-02, -5.5451e-03, -6.5240e-02,  7.1204e+00,  1.9361e+00, -2.4188e-02,  7.0857e+00, -1.3726e-02, -3.1440e-02, -5.3403e-02, -9.6031e-02,  2.7749e-01, 2.1152e+00,  1.0554e+00,  5.9717e+00,  8.5669e-01,  3.7445e+00}"
"  {  21.,   14.,   -6., 3199.}"," { 2.1565e+01,  4.6392e+01,  2.5705e+01,  3.8600e+01,  1.2808e+01, 3.7904e+01, -2.8756e-01, -3.7003e-01, -2.6126e-01, -5.7898e-02, -4.7101e-01,  4.8489e+01,  1.2290e+01, -1.5649e-01,  4.6377e+01, -1.3925e-01, -2.5077e-01, -4.2260e-01, -6.8082e-01, -3.4540e-03, 8.1683e+00,  1.5207e+00,  3.6947e+01,  3.1083e+00,  3.1803e+01}"
"  { 2.0000e+01,  1.4000e+01, -2.0000e+00,  5.6790e+03}"," { 3.7652e+01,  8.1389e+01,  4.4900e+01,  6.7992e+01,  2.2575e+01, 6.6427e+01, -5.1482e-01, -6.6117e-01, -4.6588e-01, -1.0429e-01, -8.3835e-01,  8.5930e+01,  2.1646e+01, -2.7693e-01,  8.1954e+01, -2.5363e-01, -4.4832e-01, -7.5392e-01, -1.2107e+00, -8.7858e-03, 1.3795e+01,  2.1981e+00,  6.4957e+01,  5.3509e+00,  5.7184e+01}"
"  {0., 0., 0., 1.}"," { 4.3919e-01,  4.9786e-01,  4.0314e-01,  3.6743e-01,  1.6048e-01, 2.5392e-01,  1.9019e-02,  1.6633e-01,  1.8813e-02, -4.5488e-04, -2.3736e-03,  7.9049e-02,  6.5485e-02, -2.7412e-04,  1.6704e-01, 1.4272e-01,  5.3007e-02,  3.5582e-01, -5.7007e-04,  3.1064e-01, 3.8962e-01,  2.5188e-01,  5.4147e-01,  1.9461e-01,  2.0312e-01}"
"  { 12.,   6.,   0., 229.}"," { 2.3346e+00,  4.3732e+00,  2.8923e+00,  3.3779e+00,  1.2363e+00, 3.4906e+00, -1.6502e-02, -1.8781e-02, -1.6596e-02, -1.6686e-03, -3.1822e-02,  3.5044e+00,  1.0162e+00, -1.2983e-02,  3.6506e+00, -3.8712e-03, -1.3653e-02, -2.3116e-02, -4.6728e-02,  2.7275e-01, 1.4172e+00,  8.2654e-01,  3.2581e+00,  6.2422e-01,  1.6036e+00}"
"  {  18.,   12.,    0., 1013.}"," { 7.4580, 15.5328,  8.9456, 12.8192,  4.3210, 12.6845, -0.0857, -0.1112, -0.0801, -0.0169, -0.1459, 15.3905,  4.0804, -0.0501, 14.9386, -0.0387, -0.0753, -0.1267, -0.2129,  0.1919,  3.3233,  1.2023, 12.2685,  1.2407, 9.3576}"
"  {2.2000e+01, 1.2000e+01, 2.0000e+00, 2.1510e+03}"," { 1.4875e+01,  3.1513e+01,  1.7769e+01,  2.6186e+01,  8.7345e+00, 2.5754e+01, -1.9016e-01, -2.4458e-01, -1.7389e-01, -3.8769e-02, -3.1452e-01,  3.2491e+01,  8.3870e+00, -1.0539e-01,  3.1229e+01, -9.0423e-02, -1.6667e-01, -2.7884e-01, -4.5578e-01, -7.1085e-04, 5.9011e+00,  1.4658e+00,  2.5124e+01,  2.2698e+00,  2.1010e+01}"
"  {  21.,   14.,   -6., 4071.}"," { 2.7233e+01,  5.8719e+01,  3.2482e+01,  4.8959e+01,  1.6245e+01, 4.7955e+01, -3.6736e-01, -4.7218e-01, -3.3337e-01, -7.4158e-02, -6.0014e-01,  6.1681e+01,  1.5582e+01, -1.9894e-01,  5.8917e+01, -1.7947e-01, -3.2001e-01, -5.3933e-01, -8.6748e-01, -5.3809e-03, 1.0144e+01,  1.7559e+00,  4.6807e+01,  3.9035e+00,  4.0722e+01}"
"  { 12.,  10.,   4., 121.}"," { 2.1692e+00,  3.7464e+00,  2.6629e+00,  2.6455e+00,  1.2198e+00, 2.8866e+00, -3.6833e-03, -2.4106e-03, -6.6748e-03,  3.7051e-01, -1.6241e-02,  1.8020e+00,  6.3788e-01, -8.3732e-03,  2.1975e+00, 1.5645e-01, -3.6078e-03, -2.6952e-03, -1.9338e-02,  4.9152e-01, 1.8831e+00,  1.3085e+00,  2.4622e+00,  7.3729e-01,  5.1633e-01}"
"  {10.,  6.,  6.,  3.}"," { 1.6227e+00,  2.9718e+00,  2.8960e+00,  1.9172e+00,  7.9487e-01, 2.1417e+00,  4.4175e-01,  4.7462e-01, -2.2354e-03,  2.7230e-01, -4.9344e-03,  4.2060e-01, -4.2323e-04, -2.6542e-03,  8.7797e-01, 3.0819e-01,  1.4718e-01,  1.5804e+00,  1.7359e-01,  1.5268e+00, 2.3210e+00,  1.4532e+00,  2.2735e+00,  1.1238e+00, -1.1325e-03}"
"  { 22.,  16.,   6., 123.}"," { 3.3802,  5.8158,  4.5160,  3.7536,  1.7934,  4.4711,  0.2304,  0.4985, -0.0079,  1.0593, -0.0136,  1.8058,  0.5662, -0.0096,  2.5656,  0.7265, 0.1438,  0.7061, -0.0130,  1.2918,  3.5744,  2.2896,  3.4664,  1.2950, 0.0294}"
"  {  19.,   14.,    0., 1585.}"," {11.1707, 23.5910, 13.3232, 19.5289,  6.5169, 19.2485, -0.1382, -0.1790, -0.1273, -0.0279, -0.2304, 24.0341,  6.2237, -0.0779, 23.1381, -0.0648, -0.1214, -0.2037, -0.3349,  0.0373,  4.6081,  1.3346, 18.7356,  1.7356, 15.2028}"
"  { 16.,  12.,   4., 609.}"," { 4.9861e+00,  1.0018e+01,  6.1557e+00,  8.0957e+00,  2.8317e+00, 8.1210e+00, -4.8523e-02, -6.1195e-02, -4.6598e-02, -8.1238e-03, -8.5717e-02,  9.2344e+00,  2.5293e+00, -3.1220e-02,  9.1499e+00, -1.9436e-02, -4.2286e-02, -7.0853e-02, -1.2614e-01,  2.7392e-01, 2.5639e+00,  1.2899e+00,  7.6669e+00,  1.0537e+00,  5.1086e+00}"
"  { 2.2000e+01,  1.6000e+01, -2.0000e+00,  4.5110e+03}"," { 3.0154e+01,  6.4968e+01,  3.5993e+01,  5.4211e+01,  1.8007e+01, 5.3066e+01, -4.0656e-01, -5.2275e-01, -3.6910e-01, -8.2250e-02, -6.6435e-01,  6.8297e+01,  1.7266e+01, -2.2033e-01,  6.5205e+01, -1.9903e-01, -3.5454e-01, -5.9670e-01, -9.6080e-01, -5.9300e-03, 1.1221e+01,  1.9890e+00,  5.1812e+01,  4.3413e+00,  4.5107e+01}"
"  { 13.,  10.,  -6., 187.}"," { 2.2710e+00,  4.2005e+00,  2.7751e+00,  3.0514e+00,  1.1768e+00, 3.3653e+00, -1.1753e-02, -1.3118e-02, -1.4148e-02,  7.5908e-02, -2.6193e-02,  2.9525e+00,  8.0753e-01, -1.1773e-02,  3.2397e+00, -1.2416e-03, -9.4587e-03, -1.7311e-02, -3.7219e-02,  2.6642e-01, 1.5189e+00,  9.6847e-01,  2.9702e+00,  6.3039e-01,  1.0189e+00}"
"  { 20.,  16.,  10., 519.}"," { 4.8238e+00,  9.3008e+00,  6.2372e+00,  7.3533e+00,  2.6850e+00, 7.5152e+00, -3.7058e-02, -4.5228e-02, -3.8083e-02, -4.3698e-03, -6.9901e-02,  7.8374e+00,  2.2505e+00, -2.8107e-02,  7.9184e+00, -1.2218e-02, -3.2760e-02, -5.3861e-02, -1.0468e-01,  4.1837e-01, 2.8491e+00,  1.7739e+00,  6.8006e+00,  1.2805e+00,  3.6740e+00}"
"  { 23.,  12.,   4., 453.}"," { 4.3348e+00,  8.2567e+00,  5.5701e+00,  6.4706e+00,  2.3780e+00, 6.7065e+00, -3.2344e-02, -3.8511e-02, -3.3066e-02, -3.4892e-03, -6.1380e-02,  6.8420e+00,  1.9905e+00, -2.4873e-02,  6.9795e+00, -9.4683e-03, -2.7913e-02, -4.7325e-02, -9.1863e-02,  4.1042e-01, 2.5513e+00,  1.5198e+00,  6.0275e+00,  1.1637e+00,  3.1253e+00}"
"  { 17.,  12.,  -4., 813.}"," { 6.1191, 12.7260,  7.3619, 10.4306,  3.5191, 10.3864, -0.0683, -0.0883, -0.0640, -0.0129, -0.1169, 12.4189,  3.2771, -0.0406, 12.0873, -0.0298, -0.0595, -0.1015, -0.1708,  0.1961,  2.8091,  1.0531,  9.9681,  1.0529, 7.3600}"
"  { 18.,   8.,  -2., 443.}"," { 3.8309e+00,  7.5832e+00,  4.7557e+00,  6.0413e+00,  2.1255e+00, 6.1535e+00, -3.4624e-02, -4.2593e-02, -3.3446e-02, -5.2803e-03, -6.2284e-02,  6.7580e+00,  1.8708e+00, -2.3320e-02,  6.7739e+00, -1.2233e-02, -2.9561e-02, -5.0882e-02, -9.1746e-02,  2.8591e-01, 2.0614e+00,  1.0098e+00,  5.7386e+00,  8.6467e-01,  3.5262e+00}"
"  {2.3000e+01, 2.0000e+01, 4.0000e+00, 4.1370e+03}"," { 2.7842e+01,  5.9824e+01,  3.3243e+01,  4.9857e+01,  1.6584e+01, 4.8854e+01, -3.7021e-01, -4.7772e-01, -3.3716e-01, -7.5031e-02, -6.0720e-01,  6.2597e+01,  1.5901e+01, -2.0180e-01,  5.9822e+01, -1.8072e-01, -3.2437e-01, -5.4392e-01, -8.7888e-01, -4.6463e-03, 1.0550e+01,  2.1526e+00,  4.7663e+01,  4.0544e+00,  4.1118e+01}"
"  {0., 0., 0., 1.}"," { 0.4231,  0.4867,  0.4026,  0.3615,  0.1559,  0.2369,  0.0080,  0.1745, 0.0290, -0.0006, -0.0023,  0.0737,  0.0609, -0.0006,  0.1578,  0.1509, 0.0541,  0.3597, -0.0006,  0.3122,  0.3808,  0.2351,  0.5337,  0.1999, 0.1754}"
"  { 21.,  18., -12.,  41.}"," { 2.6999e+00,  4.8937e+00,  4.3887e+00,  2.7943e+00,  1.1651e+00, 3.6939e+00,  3.6427e-01,  7.7747e-01, -6.4246e-03,  9.7215e-01, -6.7034e-03,  1.1894e+00, -5.4418e-04, -7.8026e-03,  1.8174e+00, 9.4863e-01,  3.9357e-01,  1.1094e+00, -4.6811e-03,  2.0169e+00, 3.5855e+00,  1.7873e+00,  3.1574e+00,  1.5701e+00, -6.3703e-03}"
"  {17., 10., -2., 15.}"," { 1.9955e+00,  3.7711e+00,  3.6699e+00,  2.4086e+00,  9.6352e-01, 2.8019e+00,  3.9265e-01,  6.4404e-01, -4.2827e-03,  5.3711e-01, -5.1854e-03,  7.8212e-01, -1.3226e-03, -4.0336e-03,  1.2505e+00, 5.6344e-01,  3.3493e-01,  1.5252e+00, -1.1539e-03,  1.9083e+00, 2.9649e+00,  1.6718e+00,  2.6862e+00,  1.3730e+00, -3.8982e-03}"
"  {5., 4., 0., 5.}"," { 9.9335e-01,  1.6854e+00,  1.5275e+00,  1.0810e+00,  4.5005e-01, 1.1556e+00,  1.7607e-01,  3.1053e-01, -8.1586e-04,  1.5320e-01, -3.2100e-03,  3.0055e-01, -2.0002e-06, -1.2162e-03,  5.3965e-01, 2.6446e-01,  1.2701e-01,  8.2554e-01, -1.3516e-04,  8.5948e-01, 1.3134e+00,  7.7403e-01,  1.3172e+00,  5.9702e-01, -2.0455e-05}"
"  {10., 10., -6., 83.}"," { 1.6459e+00,  2.9919e+00,  1.8744e+00,  1.9144e+00,  8.8665e-01, 2.2586e+00, -3.3772e-03, -2.9467e-03, -5.1708e-03,  3.3938e-01, -1.2586e-02,  1.4294e+00,  4.1356e-01, -6.3176e-03,  1.7624e+00, 1.5819e-01, -1.8886e-03, -3.8022e-03, -1.3559e-02,  3.7146e-01, 1.4377e+00,  8.7212e-01,  1.8664e+00,  4.2965e-01,  2.5801e-01}"
"  {10.,  6.,  0., 61.}"," { 1.6412e+00,  2.6656e+00,  1.9167e+00,  1.7152e+00,  8.5519e-01, 1.9970e+00, -5.9791e-04,  1.7065e-01, -3.7793e-03,  3.9854e-01, -8.7261e-03,  9.0092e-01,  2.9643e-01, -4.3798e-03,  1.3421e+00, 2.8567e-01,  3.1919e-02,  2.2325e-01, -8.1670e-03,  5.2728e-01, 1.5656e+00,  9.9067e-01,  1.6902e+00,  5.5926e-01,  1.5459e-01}"
"  {3., 2., 2., 3.}"," { 8.3468e-01,  1.3549e+00,  1.2056e+00,  8.7044e-01,  3.6141e-01, 8.8360e-01,  1.2639e-01,  2.8020e-01, -3.9197e-04,  7.6068e-02, -2.8353e-03,  1.8011e-01,  3.2016e-02, -9.0248e-04,  4.1995e-01, 1.9881e-01,  9.8181e-02,  7.4445e-01,  1.7481e-02,  7.1065e-01, 1.0724e+00,  6.4880e-01,  1.1317e+00,  4.6855e-01,  4.5405e-02}"
"  { 12.,   8.,  -4., 457.}"," { 3.6298e+00,  7.4635e+00,  4.3681e+00,  6.0111e+00,  2.0340e+00, 6.0246e+00, -3.8037e-02, -4.8166e-02, -3.5444e-02, -6.7191e-03, -6.5699e-02,  7.0269e+00,  1.8561e+00, -2.3273e-02,  6.9223e+00, -1.5179e-02, -3.2491e-02, -5.5619e-02, -9.5637e-02,  1.8686e-01, 1.8093e+00,  7.5280e-01,  5.7896e+00,  6.7503e-01,  3.9923e+00}"
"  { 24.,  16.,   2., 999.}"," { 7.6780e+00,  1.5775e+01,  9.4078e+00,  1.2920e+01,  4.4172e+00, 1.2912e+01, -8.1571e-02, -1.0558e-01, -7.7767e-02, -1.5142e-02, -1.4166e-01,  1.5160e+01,  4.0907e+00, -5.0309e-02,  1.4810e+01, -3.5275e-02, -7.2165e-02, -1.2157e-01, -2.0834e-01,  2.8867e-01, 3.6452e+00,  1.5611e+00,  1.2245e+01,  1.4445e+00,  8.7836e+00}"
"  {  27.,   20.,    4., 1969.}"," {14.0115, 29.4813, 16.8570, 24.4155,  8.2099, 24.1353, -0.1692, -0.2200, -0.1572, -0.0337, -0.2843, 29.7917,  7.7953, -0.0967, 28.7258, -0.0791, -0.1494, -0.2504, -0.4145,  0.1099,  5.9075,  1.9079, 23.2993,  2.2449, 18.5858}"
"  {15.,  8.,  4.,  5.}"," { 1.9392e+00,  3.5823e+00,  3.5836e+00,  2.3302e+00,  9.5779e-01, 2.6589e+00,  5.0273e-01,  5.8922e-01, -3.5413e-03,  3.6373e-01, -5.6893e-03,  5.6581e-01, -9.2668e-04, -3.6578e-03,  1.0794e+00, 4.2210e-01,  2.1875e-01,  1.8030e+00,  1.0009e-01,  1.8365e+00, 2.8251e+00,  1.7032e+00,  2.6874e+00,  1.3867e+00, -2.6846e-03}"
"  { 24.,  16.,  -2., 303.}"," { 3.7835e+00,  6.9079e+00,  4.7824e+00,  5.0196e+00,  2.0218e+00, 5.6241e+00, -1.6065e-02, -1.8618e-02, -2.1475e-02,  1.9183e-01, -4.0207e-02,  4.6444e+00,  1.3898e+00, -1.9124e-02,  5.1160e+00, -1.0224e-03, -1.4726e-02, -2.5616e-02, -5.7913e-02,  4.6430e-01, 2.5693e+00,  1.7405e+00,  4.7215e+00,  1.1355e+00,  1.5135e+00}"
"  {  24.,   16.,   -4., 1045.}"," { 7.8869e+00,  1.6391e+01,  9.5560e+00,  1.3426e+01,  4.5429e+00, 1.3427e+01, -8.6744e-02, -1.1307e-01, -8.2110e-02, -1.6184e-02, -1.4931e-01,  1.5937e+01,  4.2350e+00, -5.2280e-02,  1.5505e+01, -3.7956e-02, -7.6356e-02, -1.3002e-01, -2.1883e-01,  2.5044e-01, 3.6373e+00,  1.4067e+00,  1.2766e+01,  1.3811e+00,  9.3453e+00}"
"  {13.,  6.,  2., 15.}"," { 1.6827e+00,  2.9499e+00,  2.8113e+00,  1.9204e+00,  7.6403e-01, 2.1713e+00,  3.5560e-01,  5.4280e-01, -2.8885e-03,  3.7531e-01, -4.7485e-03,  5.2502e-01, -7.1162e-04, -2.7520e-03,  9.2964e-01, 4.6659e-01,  2.3005e-01,  1.3454e+00, -4.2363e-04,  1.4881e+00, 2.3558e+00,  1.3528e+00,  2.1810e+00,  1.1273e+00, -1.7837e-03}"
"  { 16.,   8.,   6., 143.}"," { 2.5240e+00,  4.1852e+00,  3.0872e+00,  2.9873e+00,  1.4161e+00, 3.2816e+00, -4.2187e-03, -2.1277e-03, -7.9890e-03,  3.9386e-01, -1.9108e-02,  2.0385e+00,  7.8562e-01, -9.9408e-03,  2.5285e+00, 1.6652e-01, -4.2476e-03, -3.9823e-03, -2.3754e-02,  5.1694e-01, 2.0280e+00,  1.4352e+00,  2.7993e+00,  8.6687e-01,  6.4003e-01}"
"  {8., 4., 2., 3.}"," { 1.2677e+00,  2.2316e+00,  2.1538e+00,  1.4503e+00,  5.8902e-01, 1.5843e+00,  2.8991e-01,  4.1549e-01, -1.5526e-03,  1.9112e-01, -3.8182e-03,  3.4861e-01, -2.7067e-04, -2.2130e-03,  6.9135e-01, 2.9818e-01,  1.7316e-01,  1.1511e+00,  3.6568e-02,  1.1587e+00, 1.7531e+00,  1.0500e+00,  1.7563e+00,  8.2710e-01, -7.4732e-04}"
"  {11., 10., -6., 11.}"," { 1.4926e+00,  2.7918e+00,  2.5565e+00,  1.7278e+00,  6.7821e-01, 1.9913e+00,  2.4972e-01,  4.3918e-01, -2.6596e-03,  4.2199e-01, -3.7360e-03,  6.4842e-01, -7.3818e-04, -3.2504e-03,  9.5553e-01, 4.4538e-01,  2.4968e-01,  1.0072e+00, -1.3181e-03,  1.3540e+00, 2.1333e+00,  1.1579e+00,  1.9699e+00,  9.6497e-01, -2.7358e-03}"
"  { 13.,   6.,   0., 169.}"," { 2.1217e+00,  3.7824e+00,  2.5987e+00,  2.7969e+00,  1.1111e+00, 3.0408e+00, -9.7273e-03, -1.0079e-02, -1.1828e-02,  4.4588e-02, -2.3401e-02,  2.5565e+00,  7.9604e-01, -1.0603e-02,  2.8755e+00, -4.4948e-04, -8.3678e-03, -1.3602e-02, -3.2953e-02,  3.0894e-01, 1.4342e+00,  9.4159e-01,  2.7336e+00,  6.3259e-01,  9.7129e-01}"
"  { 24.,  18.,  -8., 485.}"," { 4.5457e+00,  9.0692e+00,  5.8627e+00,  7.0113e+00,  2.4896e+00, 7.3775e+00, -3.5375e-02, -4.4288e-02, -3.6381e-02, -3.0259e-03, -6.6296e-02,  7.5913e+00,  2.0674e+00, -2.7094e-02,  7.6240e+00, -1.0593e-02, -3.0510e-02, -5.4245e-02, -9.9104e-02,  3.8577e-01, 2.7085e+00,  1.5069e+00,  6.4650e+00,  1.1387e+00,  3.2393e+00}"
"  { 17.,  12.,   2., 767.}"," { 5.8705e+00,  1.2108e+01,  7.1370e+00,  9.9157e+00,  3.3733e+00, 9.8639e+00, -6.3007e-02, -8.1569e-02, -5.9619e-02, -1.1754e-02, -1.0923e-01,  1.1652e+01,  3.1316e+00, -3.8350e-02,  1.1399e+01, -2.7348e-02, -5.5582e-02, -9.3068e-02, -1.5981e-01,  2.4019e-01, 2.8115e+00,  1.1969e+00,  9.4479e+00,  1.0766e+00,  6.8049e+00}"
"  { 15.,   8.,  -4., 309.}"," { 2.8965e+00,  5.6547e+00,  3.6244e+00,  4.3932e+00,  1.5617e+00, 4.5506e+00, -2.3640e-02, -2.7999e-02, -2.2919e-02, -2.7742e-03, -4.3189e-02,  4.7751e+00,  1.3172e+00, -1.7015e-02,  4.8423e+00, -6.7242e-03, -1.9440e-02, -3.4344e-02, -6.3786e-02,  2.7029e-01, 1.6840e+00,  8.8381e-01,  4.1765e+00,  7.1430e-01,  2.2323e+00}"
"  {16.,  8.,  2., 15.}"," { 1.9526e+00,  3.5803e+00,  3.4827e+00,  2.3305e+00,  9.3446e-01, 2.6584e+00,  4.2981e-01,  6.2355e-01, -3.8028e-03,  4.5251e-01, -5.3426e-03,  6.6408e-01, -1.1053e-03, -3.5236e-03,  1.1377e+00, 5.0391e-01,  2.8442e-01,  1.5925e+00, -4.5293e-04,  1.8125e+00, 2.8325e+00,  1.6451e+00,  2.5992e+00,  1.3473e+00, -3.1139e-03}"
"  { 14.,  12.,   0., 169.}"," { 2.4908,  4.4746,  3.1005,  3.1715,  1.3606,  3.5265, -0.0074, -0.0074, -0.0110,  0.2918, -0.0227,  2.6060,  0.8110, -0.0113,  3.0063,  0.0498, -0.0066, -0.0104, -0.0305,  0.3893,  1.9034,  1.3219,  2.9782,  0.7682, 0.7519}"
"  {5., 4., 4., 5.}"," { 1.0963e+00,  1.9052e+00,  1.7206e+00,  1.2428e+00,  5.1714e-01, 1.2988e+00,  2.4006e-01,  3.1077e-01, -9.8584e-04,  1.6217e-01, -3.4815e-03,  2.8798e-01,  8.8328e-03, -1.1788e-03,  5.8686e-01, 2.2262e-01,  1.1037e-01,  9.8531e-01,  6.6606e-02,  9.9193e-01, 1.4842e+00,  9.2915e-01,  1.4839e+00,  6.6648e-01, -8.4726e-05}"
"  {  19.,   14.,    2., 1531.}"," {10.8554, 22.8493, 12.9871, 18.9322,  6.3435, 18.6571, -0.1329, -0.1719, -0.1226, -0.0267, -0.2222, 23.1848,  6.0435, -0.0753, 22.3589, -0.0621, -0.1167, -0.1954, -0.3232,  0.0746,  4.5392,  1.3982, 18.1391,  1.7159, 14.5949}"
"  {14.,  8., -2., 11.}"," { 1.6977e+00,  3.1279e+00,  2.9942e+00,  2.0090e+00,  7.9619e-01, 2.2936e+00,  3.3897e-01,  5.4014e-01, -3.2759e-03,  4.1063e-01, -4.6483e-03,  6.2860e-01, -9.5814e-04, -3.3967e-03,  1.0315e+00, 4.8990e-01,  2.7752e-01,  1.3289e+00, -8.6489e-04,  1.5818e+00, 2.4452e+00,  1.3814e+00,  2.2885e+00,  1.1493e+00, -2.5354e-03}"
"  { 18.,  14.,   2., 315.}"," { 3.4100e+00,  6.4073e+00,  4.3384e+00,  4.8549e+00,  1.8339e+00, 5.1778e+00, -1.9546e-02, -2.3713e-02, -2.2306e-02, -5.5051e-04, -4.1753e-02,  4.8289e+00,  1.4161e+00, -1.8536e-02,  5.0463e+00, -3.7899e-03, -1.7865e-02, -2.9548e-02, -6.1859e-02,  4.0352e-01, 2.1909e+00,  1.4298e+00,  4.5491e+00,  9.7420e-01,  1.8892e+00}"
"  { 2.5000e+01,  1.4000e+01, -2.0000e+00,  5.9670e+03}"," { 3.9672e+01,  8.5548e+01,  4.7334e+01,  7.1482e+01,  2.3761e+01, 6.9885e+01, -5.4031e-01, -6.9319e-01, -4.8935e-01, -1.0949e-01, -8.8062e-01,  9.0226e+01,  2.2793e+01, -2.9124e-01,  8.6111e+01, -2.6558e-01, -4.7050e-01, -7.9155e-01, -1.2723e+00, -8.9537e-03, 1.4541e+01,  2.3438e+00,  6.8291e+01,  5.6842e+00,  6.0017e+01}"
"  {18., 14., -4., 45.}"," { 2.4296e+00,  4.3434e+00,  3.8533e+00,  2.5743e+00,  1.0765e+00, 3.3593e+00,  3.4907e-01,  6.9374e-01, -4.8572e-03,  8.2023e-01, -6.4643e-03,  1.0714e+00,  2.4411e-02, -6.3060e-03,  1.6075e+00, 8.1905e-01,  2.7922e-01,  1.1270e+00, -4.1064e-03,  1.6855e+00, 3.2009e+00,  1.6412e+00,  2.8986e+00,  1.3336e+00, -3.9438e-03}"
"  { 22.,  12.,  -2., 423.}"," { 4.0164e+00,  7.7591e+00,  5.1194e+00,  6.0458e+00,  2.1888e+00, 6.3171e+00, -3.1101e-02, -3.7187e-02, -3.1320e-02, -3.2532e-03, -5.8130e-02,  6.4716e+00,  1.8416e+00, -2.3409e-02,  6.5800e+00, -8.8750e-03, -2.6361e-02, -4.6094e-02, -8.6600e-02,  3.6554e-01, 2.3434e+00,  1.3041e+00,  5.6524e+00,  1.0336e+00,  2.9342e+00}"
"  {16.,  6.,  2., 23.}"," { 1.8988e+00,  3.3160e+00,  3.1737e+00,  2.1326e+00,  8.3999e-01, 2.4803e+00,  3.5577e-01,  6.3780e-01, -3.8185e-03,  4.5997e-01, -5.2519e-03,  6.3386e-01, -8.3669e-04, -3.3732e-03,  1.0989e+00, 5.7511e-01,  2.8609e-01,  1.3690e+00, -1.4704e-03,  1.6416e+00, 2.6387e+00,  1.4698e+00,  2.4239e+00,  1.2508e+00, -2.1966e-03}"
"  { 13.,   8.,   4., 345.}"," { 3.1491e+00,  6.0871e+00,  3.9702e+00,  4.8303e+00,  1.7438e+00, 4.8842e+00, -2.5890e-02, -3.0825e-02, -2.5255e-02, -3.5449e-03, -4.7677e-02,  5.2150e+00,  1.4819e+00, -1.8427e-02,  5.2938e+00, -8.4621e-03, -2.2009e-02, -3.6673e-02, -7.0614e-02,  2.8929e-01, 1.8196e+00,  1.0342e+00,  4.5688e+00,  8.0232e-01,  2.5973e+00}"
"  { 6.,  4.,  0., 13.}"," { 1.0789e+00,  1.8069e+00,  1.5794e+00,  1.1280e+00,  4.7473e-01, 1.2817e+00,  1.4734e-01,  3.4138e-01, -1.1372e-03,  2.1199e-01, -3.6551e-03,  3.5205e-01,  1.9425e-02, -1.3039e-03,  6.2116e-01, 3.2069e-01,  1.2686e-01,  7.6547e-01, -8.2084e-04,  8.4470e-01, 1.4144e+00,  7.9383e-01,  1.3653e+00,  6.1239e-01,  4.1277e-03}"
"  {2.2000e+01, 1.6000e+01, 2.0000e+00, 3.4830e+03}"," { 2.3536e+01,  5.0470e+01,  2.8114e+01,  4.2068e+01,  1.3989e+01, 4.1242e+01, -3.1141e-01, -4.0133e-01, -2.8383e-01, -6.3051e-02, -5.1142e-01,  5.2708e+01,  1.3425e+01, -1.7022e-01,  5.0425e+01, -1.5141e-01, -2.7256e-01, -4.5720e-01, -7.4020e-01, -3.3709e-03, 8.9781e+00,  1.8671e+00,  4.0235e+01,  3.4493e+00,  3.4531e+01}"
"  { 9.,  6.,  0., 57.}"," { 1.5369e+00,  2.4897e+00,  1.7588e+00,  1.5992e+00,  8.0095e-01, 1.8453e+00, -7.6067e-04,  1.5364e-01, -3.3791e-03,  3.7173e-01, -8.3622e-03,  8.2186e-01,  2.7003e-01, -3.8978e-03,  1.2555e+00, 2.5965e-01,  1.6290e-02,  2.2286e-01, -7.6273e-03,  4.7265e-01, 1.4778e+00,  9.3904e-01,  1.5995e+00,  5.3916e-01,  1.8815e-01}"