"{-0.7589, -0.5860, -0.8061, -0.6264, -0.5105, -0.4002, -0.6838, -0.9792, -0.1550, -0.1277, -0.3331, -0.6760, -0.3398, -0.0232, -0.4330, -0.2573, -0.0119, -0.2257, -0.4940, -0.2099, -0.6257, -0.0025, -0.3955, -0.0287, -0.1542}","{""PD Code longer than maximum""}"
"{-0.1534, -0.1224, -0.1656, -0.1283, -0.1045, -0.0831, -0.1397, -0.1967, -0.0311, -0.0240, -0.0658, -0.1372, -0.0672, -0.0050, -0.0851, -0.0526, -0.0056, -0.0488, -0.0982, -0.0428, -0.1292,  0.2937, -0.0796, -0.0053, -0.0288}","{""PD Code longer than maximum""}"
"{-0.0707, -0.0582, -0.0767, -0.0587, -0.0492, -0.0391, -0.0656, -0.0897, -0.0136, -0.0097, -0.0299, -0.0616, -0.0311, -0.0028, -0.0375, -0.0253, -0.0025, -0.0245, -0.0441, -0.0202, -0.0599,  0.3233, -0.0371, -0.0022, -0.0104}","{""PD Code longer than maximum""}"
"{-0.1355, -0.1090, -0.1469, -0.1135, -0.0924, -0.0740, -0.1240, -0.1738, -0.0274, -0.0206, -0.0582, -0.1211, -0.0593, -0.0045, -0.0747, -0.0469, -0.0052, -0.0438, -0.0866, -0.0379, -0.1147,  0.3576, -0.0704, -0.0047, -0.0247}","{""PD Code longer than maximum""}"
"{-0.0960, -0.0774, -0.1041, -0.0805, -0.0650, -0.0529, -0.0878, -0.1226, -0.0200, -0.0150, -0.0410, -0.0867, -0.0419, -0.0034, -0.0525, -0.0329, -0.0043, -0.0312, -0.0607, -0.0265, -0.0816,  0.2949, -0.0491, -0.0031, -0.0177}","{""PD Code longer than maximum""}"
"{-0.4204, -0.3288, -0.4493, -0.3492, -0.2845, -0.2242, -0.3801, -0.5424, -0.0860, -0.0687, -0.1835, -0.3754, -0.1868, -0.0131, -0.2382, -0.1431, -0.0095, -0.1277, -0.2727, -0.1170, -0.3497,  0.2013, -0.2193, -0.0154, -0.0839}","{""PD Code longer than maximum""}"
"{-5.6294e-03, -4.1917e-03, -3.4689e-03, -3.2397e-03, -3.9243e-03, -4.2149e-03, -6.1187e-03, -4.8304e-03, -2.2884e-03, -2.7734e-03, -1.1910e-03, -3.5890e-03, -2.9989e-03,  1.6797e-02, -1.9941e-03, -4.8845e-03,  6.5022e-02, -4.0698e-03, -1.7394e-03, -9.1473e-04, -6.4760e-03,  2.8343e-01, -1.1356e-04,  2.9733e-01,  4.9357e-01}","{4, 6, -4, 5, {{-2, 1}, {-1, -1}, {0, 1}, {1, -1}, {2, 1}}, {{-3, -1}, {-2, 2}, {0, -1}, {2, 2}, {3, -1}}}"
"{-0.0178, -0.0208, -0.0214, -0.0152, -0.0131, -0.0111, -0.0211, -0.0233, -0.0056, -0.0039, -0.0081, -0.0180, -0.0058, -0.0027, -0.0066, -0.0092, -0.0022, -0.0113, -0.0096, -0.0036, -0.0200,  0.3085, -0.0075,  0.1839, -0.0019}","{""PD Code longer than maximum""}"
"{-0.1423, -0.1122, -0.1524, -0.1183, -0.0968, -0.0763, -0.1294, -0.1820, -0.0284, -0.0226, -0.0613, -0.1259, -0.0631, -0.0045, -0.0792, -0.0484, -0.0040, -0.0449, -0.0913, -0.0396, -0.1187,  0.1791, -0.0738, -0.0050, -0.0261}","{""PD Code longer than maximum""}"
"{-1.2325e-02, -1.3609e-02, -1.4180e-02, -1.0436e-02, -9.2541e-03, -7.8823e-03, -1.4224e-02, -1.5425e-02, -3.6558e-03, -2.7573e-03, -5.3934e-03, -1.1899e-02, -4.2488e-03, -1.5603e-03, -4.3747e-03, -6.1157e-03, -1.3148e-03, -7.8771e-03, -6.3186e-03, -2.4924e-03, -1.3672e-02,  2.5321e-01, -5.0053e-03,  1.0074e-01, -1.8349e-04}","{6, 2, 0, 9, {{-4, 1}, {-3, -1}, {-2, 1}, {-1, -2}, {0, 2}, {1, -1}, {2, 1}}, {{-1, -2}, {0, 5}, {1, -2}}}"
"{-0.9843, -0.7592, -1.0449, -0.8118, -0.6614, -0.5186, -0.8865, -1.2706, -0.2011, -0.1658, -0.4323, -0.8770, -0.4412, -0.0300, -0.5625, -0.3342, -0.0147, -0.2913, -0.6417, -0.2721, -0.8110, -0.0045, -0.5137, -0.0376, -0.2012}","{""PD Code longer than maximum""}"
"{-0.0053, -0.0053, -0.0052, -0.0047, -0.0036, -0.0030, -0.0063, -0.0053, -0.0015, -0.0020, -0.0023, -0.0048, -0.0020, -0.0009, -0.0014, -0.0030, -0.0013, -0.0033, -0.0016, -0.0007, -0.0056,  0.2127, -0.0009,  0.1688,  0.1173}","{""PD Code longer than maximum""}"
"{-0.0100, -0.0107, -0.0108, -0.0080, -0.0079, -0.0062, -0.0092, -0.0110, -0.0044, -0.0042, -0.0055, -0.0075, -0.0035, -0.0013, -0.0031, -0.0102, -0.0011, -0.0048, -0.0043, -0.0021, -0.0126,  0.8320,  0.3000,  0.8385,  0.1821}","{10, 8, 4, 45, {{-2, 1}, {-1, -2}, {0, 4}, {1, -5}, {2, 7}, {3, -7}, {4, 6}, {5, -6}, {6, 4}, {7, -2}, {8, 1}}, {{-4, 1}, {-3, -5}, {-2, 8}, {-1, -6}, {0, 5}, {1, -6}, {2, 8}, {3, -5}, {4, 1}}}"
"{-0.1087, -0.0875, -0.1178, -0.0910, -0.0739, -0.0593, -0.0994, -0.1389, -0.0222, -0.0168, -0.0463, -0.0973, -0.0472, -0.0038, -0.0596, -0.0374, -0.0047, -0.0355, -0.0687, -0.0304, -0.0921,  0.3037, -0.0560, -0.0036, -0.0196}","{""PD Code longer than maximum""}"
"{-0.0080, -0.0084, -0.0085, -0.0068, -0.0051, -0.0051, -0.0092, -0.0088, -0.0024, -0.0020, -0.0033, -0.0078, -0.0033, -0.0011, -0.0026, -0.0037, -0.0013, -0.0048, -0.0035, -0.0014, -0.0083,  0.1848, -0.0028,  0.0804,  0.0367}","{6, 2, 0, 9, {{-2, 1}, {-1, -1}, {0, 2}, {1, -2}, {2, 1}, {3, -1}, {4, 1}}, {{-1, -2}, {0, 5}, {1, -2}}}"
"{-2.1782e-02, -1.9234e-02, -2.4011e-02, -1.8011e-02, -1.5213e-02, -1.2875e-02, -2.1349e-02, -2.6404e-02, -4.7249e-03, -3.4904e-03, -8.9165e-03, -1.9581e-02, -9.4570e-03, -1.3169e-03, -1.0260e-02, -7.8110e-03, -1.6519e-03, -9.2195e-03, -1.2698e-02, -5.7262e-03, -1.9579e-02,  2.0749e-01, -1.0671e-02, -1.5216e-05, -2.1697e-03}","{""PD Code longer than maximum""}"
"{-0.1016, -0.0819, -0.1102, -0.0853, -0.0688, -0.0558, -0.0929, -0.1298, -0.0213, -0.0159, -0.0435, -0.0916, -0.0442, -0.0036, -0.0557, -0.0347, -0.0044, -0.0333, -0.0643, -0.0280, -0.0866,  0.3055, -0.0520, -0.0033, -0.0187}","{""PD Code longer than maximum""}"
"{-0.0081, -0.0079, -0.0079, -0.0066, -0.0059, -0.0044, -0.0093, -0.0092, -0.0022, -0.0025, -0.0030, -0.0067, -0.0025, -0.0008, -0.0025, -0.0038, -0.0008, -0.0048, -0.0032, -0.0016, -0.0083,  0.1576, -0.0030,  0.0877,  0.1214}","{""PD Code longer than maximum""}"
"{-0.0099, -0.0101, -0.0109, -0.0085, -0.0067, -0.0064, -0.0110, -0.0115, -0.0028, -0.0021, -0.0042, -0.0097, -0.0042, -0.0012, -0.0036, -0.0046, -0.0015, -0.0057, -0.0050, -0.0020, -0.0101,  0.1907, -0.0041,  0.0529,  0.0021}","{0, 0, 0, 1, {{0, 1}}, {{0, 1}}}"
"{-0.2615, -0.2045, -0.2793, -0.2162, -0.1775, -0.1389, -0.2371, -0.3351, -0.0522, -0.0421, -0.1134, -0.2303, -0.1157, -0.0081, -0.1466, -0.0887, -0.0054, -0.0817, -0.1681, -0.0725, -0.2172,  0.1793, -0.1357, -0.0097, -0.0491}","{""PD Code longer than maximum""}"
"{-0.0378, -0.0357, -0.0446, -0.0334, -0.0248, -0.0229, -0.0375, -0.0488, -0.0103, -0.0061, -0.0169, -0.0376, -0.0146, -0.0029, -0.0179, -0.0133, -0.0041, -0.0155, -0.0228, -0.0088, -0.0366,  0.3609, -0.0172,  0.0133, -0.0082}","{""PD Code longer than maximum""}"
"{-0.0067, -0.0066, -0.0064, -0.0052, -0.0051, -0.0035, -0.0079, -0.0076, -0.0019, -0.0026, -0.0023, -0.0058, -0.0020, -0.0008, -0.0018, -0.0036, -0.0009, -0.0044, -0.0021, -0.0013, -0.0075,  0.2280, -0.0019,  0.1778,  0.2166}","{""PD Code longer than maximum""}"
"{-0.2343, -0.1836, -0.2505, -0.1952, -0.1585, -0.1250, -0.2118, -0.3016, -0.0484, -0.0387, -0.1019, -0.2094, -0.1035, -0.0073, -0.1323, -0.0794, -0.0062, -0.0720, -0.1511, -0.0652, -0.1956,  0.1771, -0.1212, -0.0084, -0.0464}","{""PD Code longer than maximum""}"
"{-0.9312, -0.7192, -0.9894, -0.7685, -0.6266, -0.4909, -0.8392, -1.2017, -0.1901, -0.1567, -0.4087, -0.8291, -0.4165, -0.0285, -0.5313, -0.3156, -0.0145, -0.2773, -0.6060, -0.2575, -0.7682, -0.0033, -0.4853, -0.0352, -0.1894}","{""PD Code longer than maximum""}"
"{-0.0129, -0.0126, -0.0145, -0.0110, -0.0087, -0.0083, -0.0135, -0.0153, -0.0034, -0.0022, -0.0053, -0.0126, -0.0055, -0.0013, -0.0053, -0.0050, -0.0019, -0.0066, -0.0071, -0.0029, -0.0128,  0.2203, -0.0057,  0.0165, -0.0007}","{11, 8, -2, 127, {{-8, -1}, {-7, 3}, {-6, -8}, {-5, 13}, {-4, -17}, {-3, 21}, {-2, -20}, {-1, 18}, {0, -13}, {1, 8}, {2, -4}, {3, 1}}, {{-4, -1}, {-3, 6}, {-2, -15}, {-1, 26}, {0, -31}, {1, 26}, {2, -15}, {3, 6}, {4, -1}}}"
"{-0.0098, -0.0121, -0.0114, -0.0099, -0.0070, -0.0062, -0.0118, -0.0121, -0.0029, -0.0026, -0.0051, -0.0098, -0.0030, -0.0015, -0.0026, -0.0061, -0.0019, -0.0057, -0.0050, -0.0013, -0.0105,  0.3434, -0.0026,  0.3329, -0.0007}","{9, 6, 4, 45, {{2, 2}, {3, -3}, {4, 5}, {5, -7}, {6, 8}, {7, -7}, {8, 6}, {9, -4}, {10, 2}, {11, -1}}, {{-3, -1}, {-2, 6}, {-1, -10}, {0, 11}, {1, -10}, {2, 6}, {3, -1}}}"
"{-0.0191, -0.0174, -0.0210, -0.0148, -0.0143, -0.0107, -0.0193, -0.0230, -0.0042, -0.0035, -0.0078, -0.0161, -0.0074, -0.0013, -0.0085, -0.0070, -0.0006, -0.0097, -0.0102, -0.0049, -0.0182,  0.2216, -0.0094,  0.0622, -0.0006}","{""PD Code longer than maximum""}"
"{-1.0522, -0.8121, -1.1175, -0.8689, -0.7073, -0.5548, -0.9478, -1.3595, -0.2158, -0.1779, -0.4625, -0.9392, -0.4713, -0.0322, -0.6016, -0.3569, -0.0165, -0.3111, -0.6860, -0.2911, -0.8679, -0.0046, -0.5486, -0.0397, -0.2162}","{""PD Code longer than maximum""}"
"{-0.7962, -0.6134, -0.8446, -0.6555, -0.5349, -0.4186, -0.7172, -1.0258, -0.1618, -0.1342, -0.3492, -0.7067, -0.3565, -0.0244, -0.4540, -0.2698, -0.0110, -0.2374, -0.5176, -0.2197, -0.6552, -0.0038, -0.4146, -0.0306, -0.1606}","{""PD Code longer than maximum""}"
"{-0.1331, -0.1045, -0.1422, -0.1103, -0.0904, -0.0713, -0.1208, -0.1699, -0.0264, -0.0212, -0.0573, -0.1176, -0.0592, -0.0041, -0.0741, -0.0454, -0.0034, -0.0418, -0.0852, -0.0371, -0.1106,  0.1601, -0.0691, -0.0048, -0.0242}","{""PD Code longer than maximum""}"
"{-0.0078, -0.0086, -0.0083, -0.0067, -0.0058, -0.0047, -0.0078, -0.0082, -0.0031, -0.0038, -0.0045, -0.0064, -0.0024, -0.0012, -0.0021, -0.0073, -0.0012, -0.0041, -0.0028, -0.0015, -0.0097,  0.6247,  0.1879,  0.6397,  0.1361}","{7, 4, 0, 21, {{-4, 1}, {-3, -2}, {-2, 3}, {-1, -4}, {0, 4}, {1, -3}, {2, 3}, {3, -1}}, {{-2, 1}, {-1, -5}, {0, 9}, {1, -5}, {2, 1}}}"
"{-1.9121, -1.4700, -2.0261, -1.5747, -1.2823, -1.0041, -1.7205, -2.4689, -0.3904, -0.3246, -0.8405, -1.7029, -0.8587, -0.0583, -1.0949, -0.6493, -0.0254, -0.5620, -1.2484, -0.5278, -1.5714, -0.0140, -0.9986, -0.0739, -0.3941}","{""PD Code longer than maximum""}"
"{-0.1157, -0.0917, -0.1240, -0.0966, -0.0786, -0.0623, -0.1050, -0.1476, -0.0237, -0.0185, -0.0496, -0.1029, -0.0508, -0.0039, -0.0641, -0.0390, -0.0040, -0.0373, -0.0736, -0.0322, -0.0973,  0.2255, -0.0592, -0.0039, -0.0211}","{""PD Code longer than maximum""}"
"{-0.3162, -0.2481, -0.3384, -0.2634, -0.2143, -0.1689, -0.2862, -0.4077, -0.0647, -0.0516, -0.1376, -0.2825, -0.1398, -0.0098, -0.1786, -0.1075, -0.0080, -0.0969, -0.2045, -0.0881, -0.2636,  0.2286, -0.1644, -0.0114, -0.0626}","{""PD Code longer than maximum""}"
"{-1.3519, -1.0459, -1.4381, -1.1187, -0.9101, -0.7139, -1.2182, -1.7483, -0.2788, -0.2286, -0.5946, -1.2083, -0.6036, -0.0415, -0.7729, -0.4575, -0.0228, -0.4016, -0.8810, -0.3742, -1.1188, -0.0038, -0.7037, -0.0506, -0.2786}","{""PD Code longer than maximum""}"
"{-1.0324, -0.7936, -1.0937, -0.8491, -0.6930, -0.5415, -0.9292, -1.3298, -0.2098, -0.1749, -0.4528, -0.9156, -0.4625, -0.0316, -0.5892, -0.3491, -0.0135, -0.3071, -0.6713, -0.2844, -0.8483, -0.0064, -0.5372, -0.0398, -0.2089}","{""PD Code longer than maximum""}"
"{-3.9194e-03, -2.2158e-03, -2.1080e-03, -2.1217e-03, -2.3586e-03, -2.5439e-03, -4.4703e-03, -2.6758e-03, -1.4644e-03, -2.2276e-03, -9.5609e-04, -2.6392e-03, -1.9876e-03, -8.8720e-05, -1.0623e-03, -2.6216e-03, -4.7085e-05, -2.3253e-03, -6.7928e-04, -1.6499e-04, -3.8857e-03,  1.5937e-01, -5.8501e-04,  1.8512e-01,  3.4993e-01}","{""PD Code longer than maximum""}"
"{-0.0958, -0.0768, -0.1035, -0.0806, -0.0648, -0.0524, -0.0874, -0.1225, -0.0202, -0.0155, -0.0409, -0.0865, -0.0416, -0.0034, -0.0527, -0.0324, -0.0044, -0.0312, -0.0605, -0.0265, -0.0816,  0.2780, -0.0484, -0.0031, -0.0177}","{""PD Code longer than maximum""}"
"{-1.6667, -1.2825, -1.7672, -1.3726, -1.1186, -0.8758, -1.5002, -2.1511, -0.3402, -0.2822, -0.7321, -1.4831, -0.7474, -0.0509, -0.9533, -0.5657, -0.0226, -0.4921, -1.0866, -0.4600, -1.3706, -0.0108, -0.8700, -0.0642, -0.3417}","{""PD Code longer than maximum""}"
"{-1.1547, -0.8901, -1.2256, -0.9527, -0.7759, -0.6080, -1.0397, -1.4911, -0.2367, -0.1957, -0.5075, -1.0294, -0.5170, -0.0354, -0.6601, -0.3908, -0.0172, -0.3420, -0.7523, -0.3189, -0.9521, -0.0054, -0.6012, -0.0438, -0.2367}","{""PD Code longer than maximum""}"
"{-0.5087, -0.3937, -0.5410, -0.4198, -0.3429, -0.2686, -0.4591, -0.6552, -0.1037, -0.0852, -0.2226, -0.4519, -0.2268, -0.0157, -0.2889, -0.1720, -0.0084, -0.1535, -0.3297, -0.1405, -0.4205, -0.0008, -0.2644, -0.0189, -0.1014}","{""PD Code longer than maximum""}"
"{-11.6099,  -8.9075, -12.2900,  -9.5562,  -7.7761,  -6.0852, -10.4381, -15.0017,  -2.3748,  -1.9821,  -5.1103, -10.3455,  -5.2213,  -0.3534,  -6.6637,  -3.9436,  -0.1435,  -3.3910,  -7.5931,  -3.2027,  -9.5302,  -0.1062,  -6.0691,  -0.4520,  -2.4163}","{""PD Code longer than maximum""}"
"{-1.5913e-02, -1.6025e-02, -1.4425e-02, -9.9314e-03, -1.0912e-02, -1.1891e-02, -1.5163e-02, -1.6556e-02, -7.7003e-03, -6.3129e-03, -3.7689e-03, -1.0067e-02, -8.7475e-03, -1.2142e-04, -5.9332e-03, -1.7652e-02,  2.1325e-01, -1.0309e-02, -7.2208e-03, -3.2299e-03, -2.0655e-02,  1.1365e+00,  8.3663e-02,  1.0241e+00,  1.0467e+00}","{5, 4, -4, 5, {{-7, -1}, {-6, 1}, {-5, -1}, {-4, 1}, {-2, 1}}, {{-2, 1}, {-1, -1}, {0, 1}, {1, -1}, {2, 1}}}"
"{-3.7511e-01, -2.9056e-01, -3.9889e-01, -3.0944e-01, -2.5295e-01, -1.9816e-01, -3.3865e-01, -4.8251e-01, -7.5906e-02, -6.2206e-02, -1.6388e-01, -3.3261e-01, -1.6749e-01, -1.1517e-02, -2.1272e-01, -1.2740e-01, -6.4054e-03, -1.1339e-01, -2.4292e-01, -1.0397e-01, -3.0969e-01, -7.3744e-05, -1.9540e-01, -1.4085e-02, -7.3826e-02}","{""PD Code longer than maximum""}"
"{-0.0113, -0.0115, -0.0124, -0.0093, -0.0075, -0.0075, -0.0124, -0.0132, -0.0032, -0.0022, -0.0047, -0.0110, -0.0048, -0.0011, -0.0042, -0.0048, -0.0015, -0.0062, -0.0060, -0.0022, -0.0115,  0.1946, -0.0047,  0.0376, -0.0002}","{0, 0, 0, 1, {{0, 1}}, {{0, 1}}}"
"{-0.1383, -0.1100, -0.1491, -0.1154, -0.0937, -0.0750, -0.1259, -0.1771, -0.0284, -0.0221, -0.0593, -0.1238, -0.0604, -0.0047, -0.0767, -0.0471, -0.0049, -0.0441, -0.0880, -0.0383, -0.1167,  0.2604, -0.0712, -0.0048, -0.0260}","{""PD Code longer than maximum""}"
"{-0.0052, -0.0034, -0.0031, -0.0029, -0.0036, -0.0031, -0.0058, -0.0046, -0.0019, -0.0025, -0.0013, -0.0034, -0.0025,  0.0052, -0.0015, -0.0034,  0.0423, -0.0034, -0.0012, -0.0005, -0.0053,  0.1937, -0.0010,  0.2137,  0.4151}","{""PD Code longer than maximum""}"
"{-2.5686e-03, -7.9331e-04, -1.0588e-03, -9.2446e-04, -1.0072e-03, -1.5163e-03, -3.0640e-03, -1.0741e-03, -6.3488e-04, -1.6913e-03, -6.9124e-04, -1.7854e-03, -1.9403e-03, -1.5704e-04, -7.4498e-04, -1.4153e-03, -3.5181e-04, -1.4470e-03, -2.5237e-04, -5.8833e-05, -2.5593e-03,  1.1041e-01, -2.7526e-04,  8.1892e-02,  2.5803e-01}","{""PD Code longer than maximum""}"
"{-0.0900, -0.0716, -0.0964, -0.0739, -0.0626, -0.0476, -0.0827, -0.1138, -0.0176, -0.0151, -0.0387, -0.0758, -0.0377, -0.0036, -0.0475, -0.0290, -0.0009, -0.0320, -0.0543, -0.0242, -0.0766,  0.2199, -0.0451, -0.0032, -0.0131}","{""PD Code longer than maximum""}"
"{-0.0085, -0.0095, -0.0092, -0.0076, -0.0063, -0.0051, -0.0100, -0.0100, -0.0021, -0.0020, -0.0039, -0.0082, -0.0034, -0.0010, -0.0026, -0.0045, -0.0013, -0.0053, -0.0040, -0.0017, -0.0089,  0.2263, -0.0027,  0.1413,  0.0498}","{""PD Code longer than maximum""}"
"{-0.1255, -0.0999, -0.1351, -0.1039, -0.0859, -0.0673, -0.1148, -0.1596, -0.0250, -0.0197, -0.0535, -0.1094, -0.0544, -0.0043, -0.0685, -0.0424, -0.0035, -0.0419, -0.0787, -0.0347, -0.1056,  0.2557, -0.0643, -0.0046, -0.0211}","{""PD Code longer than maximum""}"
"{-3.3941e-02, -3.1973e-02, -3.9102e-02, -2.6656e-02, -2.5844e-02, -1.8474e-02, -3.4578e-02, -4.3028e-02, -7.8836e-03, -5.9885e-03, -1.4402e-02, -2.8377e-02, -1.1856e-02, -2.3409e-03, -1.6087e-02, -1.2945e-02, -3.1750e-04, -1.7374e-02, -1.8799e-02, -8.9482e-03, -3.3377e-02,  3.6131e-01, -1.6983e-02,  1.1833e-01, -2.3734e-03}","{""PD Code longer than maximum""}"
"{-0.0255, -0.0271, -0.0302, -0.0203, -0.0194, -0.0143, -0.0282, -0.0329, -0.0073, -0.0049, -0.0106, -0.0229, -0.0080, -0.0027, -0.0111, -0.0118, -0.0014, -0.0149, -0.0138, -0.0060, -0.0275,  0.3598, -0.0121,  0.1605, -0.0016}","{""PD Code longer than maximum""}"
"{-0.1077, -0.0862, -0.1164, -0.0899, -0.0732, -0.0585, -0.0985, -0.1374, -0.0219, -0.0169, -0.0460, -0.0959, -0.0467, -0.0038, -0.0590, -0.0367, -0.0041, -0.0354, -0.0680, -0.0298, -0.0913,  0.2947, -0.0550, -0.0038, -0.0191}","{""PD Code longer than maximum""}"
"{-0.2021, -0.1576, -0.2155, -0.1668, -0.1369, -0.1074, -0.1831, -0.2584, -0.0402, -0.0327, -0.0874, -0.1779, -0.0895, -0.0064, -0.1130, -0.0684, -0.0042, -0.0632, -0.1293, -0.0560, -0.1675,  0.1502, -0.1046, -0.0074, -0.0375}","{""PD Code longer than maximum""}"
"{-0.0835, -0.0664, -0.0895, -0.0695, -0.0568, -0.0452, -0.0761, -0.1057, -0.0166, -0.0132, -0.0354, -0.0737, -0.0366, -0.0028, -0.0456, -0.0282, -0.0031, -0.0274, -0.0526, -0.0231, -0.0701,  0.1895, -0.0425, -0.0028, -0.0142}","{""PD Code longer than maximum""}"
"{-0.2312, -0.1828, -0.2482, -0.1937, -0.1566, -0.1245, -0.2093, -0.2981, -0.0480, -0.0375, -0.1004, -0.2079, -0.1019, -0.0073, -0.1302, -0.0787, -0.0071, -0.0713, -0.1494, -0.0644, -0.1941,  0.2864, -0.1197, -0.0082, -0.0461}","{""PD Code longer than maximum""}"
"{-0.6987, -0.5432, -0.7448, -0.5798, -0.4711, -0.3705, -0.6302, -0.9033, -0.1447, -0.1173, -0.3066, -0.6257, -0.3108, -0.0217, -0.3983, -0.2364, -0.0141, -0.2094, -0.4543, -0.1937, -0.5805,  0.0235, -0.3632, -0.0258, -0.1435}","{""PD Code longer than maximum""}"
"{-0.0551, -0.0448, -0.0596, -0.0460, -0.0378, -0.0305, -0.0507, -0.0693, -0.0110, -0.0079, -0.0233, -0.0488, -0.0244, -0.0021, -0.0294, -0.0194, -0.0027, -0.0186, -0.0344, -0.0157, -0.0468,  0.2627, -0.0285, -0.0016, -0.0085}","{""PD Code longer than maximum""}"
"{ -8.2126,  -6.3029,  -8.6952,  -6.7610,  -5.5014,  -4.3059,  -7.3844, -10.6122,  -1.6804,  -1.4013,  -3.6150,  -7.3192,  -3.6930,  -0.2501,  -4.7132,  -2.7898,  -0.1027,  -2.3997,  -5.3710,  -2.2658,  -6.7432,  -0.0733,  -4.2930,  -0.3194,  -1.7086}","{""PD Code longer than maximum""}"
"{-0.0056, -0.0055, -0.0049, -0.0042, -0.0043, -0.0034, -0.0065, -0.0054, -0.0013, -0.0019, -0.0018, -0.0052, -0.0022, -0.0007, -0.0013, -0.0028, -0.0010, -0.0037, -0.0018, -0.0010, -0.0056,  0.1695, -0.0019,  0.1128,  0.1542}","{""PD Code longer than maximum""}"
"{-0.9341, -0.7208, -0.9919, -0.7707, -0.6278, -0.4925, -0.8413, -1.2059, -0.1909, -0.1571, -0.4103, -0.8328, -0.4188, -0.0286, -0.5338, -0.3175, -0.0143, -0.2763, -0.6089, -0.2586, -0.7696, -0.0039, -0.4879, -0.0356, -0.1911}","{""PD Code longer than maximum""}"
"{-2.9980, -2.3018, -3.1746, -2.4671, -2.0094, -1.5718, -2.6965, -3.8700, -0.6117, -0.5103, -1.3181, -2.6672, -1.3466, -0.0913, -1.7175, -1.0171, -0.0374, -0.8809, -1.9573, -0.8266, -2.4617, -0.0245, -1.5650, -0.1165, -0.6183}","{""PD Code longer than maximum""}"
"{-0.0748, -0.0633, -0.0832, -0.0632, -0.0511, -0.0420, -0.0704, -0.0957, -0.0161, -0.0113, -0.0322, -0.0679, -0.0314, -0.0033, -0.0390, -0.0260, -0.0040, -0.0269, -0.0464, -0.0201, -0.0658,  0.3799, -0.0377, -0.0019, -0.0129}","{""PD Code longer than maximum""}"
"{-6.1191e-03, -5.6090e-03, -4.9331e-03, -4.1042e-03, -4.6365e-03, -4.2955e-03, -5.4980e-03, -5.0414e-03, -2.7502e-03, -3.2141e-03, -2.3001e-03, -4.0874e-03, -3.4016e-03, -2.6509e-04, -2.0469e-03, -6.7782e-03, -3.6595e-04, -3.2206e-03, -2.0379e-03, -1.0453e-03, -7.9090e-03,  5.3326e-01,  2.0907e-01,  5.8078e-01,  3.9030e-01}","{8, 6, 6, 15, {{3, 1}, {5, 2}, {6, -2}, {7, 2}, {8, -3}, {9, 2}, {10, -2}, {11, 1}}, {{-3, 1}, {-2, -2}, {-1, 3}, {0, -3}, {1, 3}, {2, -2}, {3, 1}}}"
"{-0.0603, -0.0523, -0.0679, -0.0518, -0.0406, -0.0351, -0.0570, -0.0772, -0.0136, -0.0084, -0.0258, -0.0568, -0.0258, -0.0028, -0.0308, -0.0216, -0.0045, -0.0212, -0.0380, -0.0159, -0.0536,  0.3722, -0.0306, -0.0010, -0.0113}","{""PD Code longer than maximum""}"
"{-4.9304e-03, -3.6382e-03, -2.9959e-03, -3.1004e-03, -3.5234e-03, -3.1475e-03, -5.6719e-03, -4.5171e-03, -1.7517e-03, -2.6671e-03, -1.1859e-03, -3.5123e-03, -2.2069e-03, -2.2677e-05, -1.0926e-03, -3.1801e-03,  1.7241e-02, -3.3119e-03, -9.9584e-04, -7.3050e-04, -5.1144e-03,  2.0016e-01, -1.0108e-03,  2.1059e-01,  3.6437e-01}","{""PD Code longer than maximum""}"
"{-0.6955, -0.5375, -0.7391, -0.5742, -0.4680, -0.3671, -0.6268, -0.8971, -0.1417, -0.1166, -0.3051, -0.6195, -0.3113, -0.0214, -0.3964, -0.2359, -0.0112, -0.2071, -0.4526, -0.1924, -0.5737, -0.0018, -0.3625, -0.0263, -0.1409}","{""PD Code longer than maximum""}"
"{-6.4766, -4.9708, -6.8573, -5.3319, -4.3386, -3.3961, -5.8235, -8.3684, -1.3249, -1.1048, -2.8505, -5.7721, -2.9123, -0.1973, -3.7164, -2.2000, -0.0815, -1.8928, -4.2353, -1.7869, -5.3178, -0.0572, -3.3854, -0.2517, -1.3469}","{""PD Code longer than maximum""}"
"{-0.0077, -0.0071, -0.0071, -0.0051, -0.0057, -0.0045, -0.0081, -0.0077, -0.0027, -0.0035, -0.0023, -0.0061, -0.0031, -0.0011, -0.0017, -0.0064, -0.0006, -0.0048, -0.0019, -0.0012, -0.0085,  0.4475, -0.0005,  0.4445,  0.3739}","{""PD Code longer than maximum""}"
"{-4.5173, -3.4691, -4.7843, -3.7190, -3.0273, -2.3695, -4.0628, -5.8354, -0.9235, -0.7692, -1.9874, -4.0239, -2.0300, -0.1376, -2.5903, -1.5342, -0.0574, -1.3235, -2.9521, -1.2464, -3.7103, -0.0377, -2.3604, -0.1754, -0.9363}","{""PD Code longer than maximum""}"
"{-0.0310, -0.0255, -0.0332, -0.0257, -0.0220, -0.0169, -0.0290, -0.0381, -0.0063, -0.0055, -0.0131, -0.0255, -0.0127, -0.0016, -0.0150, -0.0097, -0.0006, -0.0125, -0.0173, -0.0083, -0.0271,  0.1972, -0.0148, -0.0006, -0.0028}","{""PD Code longer than maximum""}"
"{-0.1383, -0.1099, -0.1489, -0.1156, -0.0938, -0.0747, -0.1258, -0.1774, -0.0286, -0.0222, -0.0597, -0.1237, -0.0606, -0.0046, -0.0770, -0.0471, -0.0047, -0.0440, -0.0883, -0.0385, -0.1168,  0.2588, -0.0711, -0.0049, -0.0260}","{""PD Code longer than maximum""}"
"{-1.0805, -0.8346, -1.1481, -0.8927, -0.7266, -0.5702, -0.9733, -1.3966, -0.2219, -0.1822, -0.4750, -0.9650, -0.4839, -0.0331, -0.6179, -0.3669, -0.0174, -0.3194, -0.7046, -0.2993, -0.8918, -0.0042, -0.5641, -0.0408, -0.2223}","{""PD Code longer than maximum""}"
"{-0.0907, -0.0720, -0.0973, -0.0755, -0.0616, -0.0493, -0.0825, -0.1151, -0.0181, -0.0142, -0.0385, -0.0805, -0.0399, -0.0030, -0.0497, -0.0309, -0.0034, -0.0292, -0.0573, -0.0253, -0.0758,  0.2043, -0.0468, -0.0030, -0.0160}","{""PD Code longer than maximum""}"
"{-3.4291, -2.6327, -3.6314, -2.8226, -2.2980, -1.7983, -3.0839, -4.4286, -0.7010, -0.5845, -1.5084, -3.0539, -1.5408, -0.1046, -1.9659, -1.1638, -0.0434, -1.0053, -2.2402, -0.9458, -2.8164, -0.0288, -1.7910, -0.1330, -0.7101}","{""PD Code longer than maximum""}"
"{-1.4046, -1.0816, -1.4898, -1.1577, -0.9431, -0.7386, -1.2645, -1.8135, -0.2866, -0.2376, -0.6171, -1.2510, -0.6302, -0.0427, -0.8035, -0.4770, -0.0198, -0.4142, -0.9163, -0.3882, -1.1555, -0.0086, -0.7336, -0.0539, -0.2885}","{""PD Code longer than maximum""}"
"{-3.7832e-02, -3.4454e-02, -4.3708e-02, -3.2879e-02, -2.5396e-02, -2.2708e-02, -3.6929e-02, -4.8221e-02, -9.4519e-03, -5.6321e-03, -1.6626e-02, -3.6312e-02, -1.5451e-02, -2.1702e-03, -1.8289e-02, -1.3251e-02, -3.3078e-03, -1.5192e-02, -2.3088e-02, -9.4171e-03, -3.5447e-02,  3.3994e-01, -1.8204e-02, -2.7710e-04, -6.8509e-03}","{""PD Code longer than maximum""}"
"{-0.0038, -0.0030, -0.0026, -0.0025, -0.0024, -0.0024, -0.0046, -0.0030, -0.0012, -0.0022, -0.0012, -0.0033, -0.0014, -0.0005, -0.0007, -0.0022, -0.0007, -0.0024, -0.0006, -0.0004, -0.0040,  0.1792, -0.0006,  0.1362,  0.2248}","{""PD Code longer than maximum""}"
"{-5.9065, -4.5320, -6.2526, -4.8613, -3.9566, -3.0956, -5.3108, -7.6302, -1.2076, -1.0079, -2.5993, -5.2612, -2.6560, -0.1797, -3.3889, -2.0057, -0.0730, -1.7273, -3.8618, -1.6292, -4.8487, -0.0531, -3.0866, -0.2300, -1.2267}","{""PD Code longer than maximum""}"
"{-0.9212, -0.7115, -0.9788, -0.7608, -0.6198, -0.4858, -0.8301, -1.1896, -0.1887, -0.1554, -0.4047, -0.8213, -0.4121, -0.0282, -0.5260, -0.3121, -0.0145, -0.2738, -0.5999, -0.2548, -0.7605, -0.0032, -0.4798, -0.0348, -0.1880}","{""PD Code longer than maximum""}"
"{-0.0073, -0.0075, -0.0068, -0.0051, -0.0053, -0.0046, -0.0077, -0.0073, -0.0031, -0.0037, -0.0028, -0.0060, -0.0031, -0.0009, -0.0017, -0.0070, -0.0007, -0.0045, -0.0022, -0.0009, -0.0090,  0.5322,  0.0867,  0.5288,  0.3189}","{6, 4, 0, 9, {{-1, -1}, {0, 2}, {1, -1}, {2, 2}, {3, -1}, {4, 1}, {5, -1}}, {{-2, 1}, {-1, -2}, {0, 3}, {1, -2}, {2, 1}}}"
"{-10.4978,  -8.0555, -11.1138,  -8.6412,  -7.0319,  -5.5030,  -9.4387, -13.5645,  -2.1475,  -1.7915,  -4.6206,  -9.3542,  -4.7204,  -0.3195,  -6.0247,  -3.5658,  -0.1302,  -3.0677,  -6.8651,  -2.8960,  -8.6183,  -0.0948,  -5.4875,  -0.4084,  -2.1837}","{""PD Code longer than maximum""}"
"{-6.0468, -4.6401, -6.4014, -4.9766, -4.0508, -3.1694, -5.4372, -7.8105, -1.2356, -1.0313, -2.6606, -5.3849, -2.7184, -0.1839, -3.4685, -2.0533, -0.0747, -1.7695, -3.9526, -1.6677, -4.9637, -0.0537, -3.1596, -0.2354, -1.2547}","{""PD Code longer than maximum""}"
"{-0.0736, -0.0628, -0.0820, -0.0621, -0.0509, -0.0414, -0.0697, -0.0945, -0.0156, -0.0109, -0.0320, -0.0661, -0.0309, -0.0033, -0.0383, -0.0258, -0.0034, -0.0269, -0.0456, -0.0201, -0.0651,  0.4012, -0.0375, -0.0019, -0.0122}","{""PD Code longer than maximum""}"
"{-0.7012, -0.5425, -0.7456, -0.5799, -0.4723, -0.3705, -0.6322, -0.9059, -0.1437, -0.1181, -0.3079, -0.6259, -0.3135, -0.0214, -0.4002, -0.2377, -0.0120, -0.2086, -0.4564, -0.1944, -0.5797, -0.0015, -0.3653, -0.0262, -0.1429}","{""PD Code longer than maximum""}"
"{-1.4078, -1.0832, -1.4925, -1.1598, -0.9447, -0.7399, -1.2672, -1.8171, -0.2872, -0.2384, -0.6185, -1.2533, -0.6317, -0.0429, -0.8054, -0.4780, -0.0193, -0.4151, -0.9184, -0.3887, -1.1575, -0.0090, -0.7349, -0.0542, -0.2889}","{""PD Code longer than maximum""}"
"{ -9.2020,  -7.0604,  -9.7415,  -7.5748,  -6.1634,  -4.8236,  -8.2733, -11.8906,  -1.8829,  -1.5713,  -4.0507,  -8.2010,  -4.1384,  -0.2801,  -5.2817,  -3.1254,  -0.1143,  -2.6876,  -6.0184,  -2.5385,  -7.5544,  -0.0836,  -4.8100,  -0.3580,  -1.9155}","{""PD Code longer than maximum""}"
"{-3.4599, -2.6583, -3.6657, -2.8497, -2.3195, -1.8158, -3.1121, -4.4699, -0.7080, -0.5891, -1.5224, -3.0833, -1.5541, -0.1054, -1.9837, -1.1745, -0.0452, -1.0144, -2.2607, -0.9548, -2.8435, -0.0274, -1.8071, -0.1338, -0.7171}","{""PD Code longer than maximum""}"
"{-0.1339, -0.1070, -0.1447, -0.1119, -0.0911, -0.0727, -0.1221, -0.1714, -0.0271, -0.0209, -0.0574, -0.1197, -0.0586, -0.0045, -0.0740, -0.0458, -0.0050, -0.0429, -0.0854, -0.0373, -0.1129,  0.3014, -0.0693, -0.0047, -0.0248}","{""PD Code longer than maximum""}"
"{-0.3853, -0.3034, -0.4133, -0.3205, -0.2618, -0.2060, -0.3493, -0.4961, -0.0781, -0.0617, -0.1674, -0.3423, -0.1698, -0.0120, -0.2168, -0.1312, -0.0092, -0.1198, -0.2486, -0.1073, -0.3217,  0.3363, -0.2008, -0.0142, -0.0749}","{""PD Code longer than maximum""}"
"{-1.6936, -1.3018, -1.7946, -1.3947, -1.1360, -0.8890, -1.5238, -2.1861, -0.3457, -0.2877, -0.7444, -1.5075, -0.7603, -0.0516, -0.9695, -0.5745, -0.0226, -0.4986, -1.1052, -0.4674, -1.3921, -0.0120, -0.8838, -0.0654, -0.3484}","{""PD Code longer than maximum""}"
"{-0.0119, -0.0118, -0.0112, -0.0076, -0.0087, -0.0075, -0.0119, -0.0129, -0.0056, -0.0043, -0.0027, -0.0083, -0.0057, -0.0008, -0.0041, -0.0111,  0.0780, -0.0076, -0.0041, -0.0024, -0.0149,  0.7281, -0.0011,  0.6916,  0.6791}","{""PD Code longer than maximum""}"
"{-0.0112, -0.0124, -0.0127, -0.0105, -0.0069, -0.0070, -0.0126, -0.0138, -0.0033, -0.0021, -0.0051, -0.0117, -0.0045, -0.0014, -0.0041, -0.0051, -0.0021, -0.0057, -0.0064, -0.0019, -0.0119,  0.2479, -0.0039,  0.0905, -0.0012}","{10, 4, 2, 19, {{0, 1}, {1, -1}, {2, 1}, {3, 1}, {4, -2}, {5, 3}, {6, -4}, {7, 4}, {8, -4}, {9, 3}, {10, -1}}, {{-2, -1}, {-1, 5}, {0, -7}, {1, 5}, {2, -1}}}"
"{-1.3437e-02, -1.1872e-02, -1.4237e-02, -1.0995e-02, -9.4316e-03, -7.6177e-03, -1.3462e-02, -1.5740e-02, -3.1389e-03, -2.3855e-03, -5.4142e-03, -1.1198e-02, -5.6151e-03, -8.9217e-04, -5.9127e-03, -5.1609e-03, -9.2992e-04, -6.5349e-03, -7.1822e-03, -3.4554e-03, -1.2701e-02,  1.9850e-01, -6.1450e-03, -1.4310e-04,  2.0875e-02}","{""PD Code longer than maximum""}"
"{-0.4258, -0.3300, -0.4529, -0.3513, -0.2875, -0.2246, -0.3845, -0.5474, -0.0859, -0.0706, -0.1860, -0.3765, -0.1896, -0.0131, -0.2411, -0.1440, -0.0071, -0.1298, -0.2753, -0.1179, -0.3518,  0.0288, -0.2211, -0.0161, -0.0831}","{""PD Code longer than maximum""}"
"{-2.4495, -1.8829, -2.5956, -2.0171, -1.6429, -1.2859, -2.2039, -3.1627, -0.4995, -0.4155, -1.0768, -2.1805, -1.1001, -0.0745, -1.4029, -0.8320, -0.0321, -0.7199, -1.5996, -0.6762, -2.0125, -0.0181, -1.2799, -0.0949, -0.5049}","{""PD Code longer than maximum""}"
"{-6.2049e-03, -5.4695e-03, -5.2617e-03, -4.2483e-03, -5.3182e-03, -4.0763e-03, -5.7122e-03, -5.6916e-03, -2.9705e-03, -3.1198e-03, -2.3697e-03, -4.1195e-03, -3.5528e-03, -4.4407e-05, -2.1300e-03, -6.4389e-03, -2.0046e-04, -3.5835e-03, -2.0674e-03, -9.7961e-04, -8.0741e-03,  5.1826e-01,  1.9649e-01,  5.1599e-01,  4.0399e-01}","{8, 6, 2, 31, {{0, -1}, {1, 3}, {2, -4}, {3, 6}, {4, -5}, {5, 5}, {6, -4}, {7, 2}, {8, -1}}, {{-3, 1}, {-2, -3}, {-1, 7}, {0, -9}, {1, 7}, {2, -3}, {3, 1}}}"
"{-0.0703, -0.0586, -0.0770, -0.0584, -0.0491, -0.0390, -0.0657, -0.0895, -0.0139, -0.0101, -0.0301, -0.0618, -0.0302, -0.0031, -0.0369, -0.0245, -0.0027, -0.0251, -0.0433, -0.0198, -0.0604,  0.3471, -0.0364, -0.0020, -0.0107}","{""PD Code longer than maximum""}"
"{-0.0312, -0.0294, -0.0361, -0.0259, -0.0225, -0.0180, -0.0314, -0.0393, -0.0075, -0.0056, -0.0137, -0.0276, -0.0113, -0.0024, -0.0143, -0.0114, -0.0016, -0.0150, -0.0176, -0.0082, -0.0298,  0.3277, -0.0149,  0.0503, -0.0037}","{""PD Code longer than maximum""}"
"{-0.1930, -0.1528, -0.2074, -0.1607, -0.1316, -0.1037, -0.1754, -0.2477, -0.0392, -0.0305, -0.0835, -0.1713, -0.0849, -0.0061, -0.1078, -0.0657, -0.0055, -0.0612, -0.1237, -0.0539, -0.1619,  0.2666, -0.1004, -0.0069, -0.0362}","{""PD Code longer than maximum""}"
"{-0.0422, -0.0341, -0.0454, -0.0350, -0.0291, -0.0231, -0.0388, -0.0526, -0.0084, -0.0066, -0.0177, -0.0369, -0.0185, -0.0018, -0.0220, -0.0142, -0.0020, -0.0149, -0.0255, -0.0120, -0.0360,  0.2145, -0.0215, -0.0012, -0.0059}","{""PD Code longer than maximum""}"
"{-0.0220, -0.0259, -0.0274, -0.0206, -0.0146, -0.0133, -0.0255, -0.0294, -0.0079, -0.0046, -0.0108, -0.0228, -0.0068, -0.0032, -0.0090, -0.0108, -0.0031, -0.0124, -0.0129, -0.0037, -0.0250,  0.3521, -0.0086,  0.2359, -0.0048}","{3, 2, 2, 3, {{1, 1}, {3, 1}, {4, -1}}, {{-1, 1}, {0, -1}, {1, 1}}}"
"{-0.0996, -0.0802, -0.1079, -0.0836, -0.0672, -0.0546, -0.0910, -0.1270, -0.0209, -0.0160, -0.0423, -0.0901, -0.0431, -0.0036, -0.0543, -0.0337, -0.0047, -0.0327, -0.0627, -0.0273, -0.0848,  0.2941, -0.0503, -0.0031, -0.0185}","{""PD Code longer than maximum""}"
"{-0.0548, -0.0462, -0.0604, -0.0455, -0.0384, -0.0307, -0.0516, -0.0696, -0.0111, -0.0082, -0.0236, -0.0482, -0.0231, -0.0027, -0.0282, -0.0189, -0.0021, -0.0204, -0.0330, -0.0152, -0.0479,  0.3189, -0.0280, -0.0014, -0.0080}","{""PD Code longer than maximum""}"
"{-0.1568, -0.1240, -0.1682, -0.1308, -0.1066, -0.0844, -0.1423, -0.2009, -0.0321, -0.0251, -0.0676, -0.1396, -0.0690, -0.0050, -0.0874, -0.0532, -0.0049, -0.0497, -0.1003, -0.0436, -0.1315,  0.2363, -0.0810, -0.0054, -0.0294}","{""PD Code longer than maximum""}"
"{-0.2533, -0.1970, -0.2699, -0.2089, -0.1713, -0.1342, -0.2292, -0.3246, -0.0509, -0.0417, -0.1099, -0.2236, -0.1123, -0.0080, -0.1423, -0.0855, -0.0048, -0.0785, -0.1627, -0.0700, -0.2098,  0.1018, -0.1312, -0.0094, -0.0481}","{""PD Code longer than maximum""}"
"{-0.2517, -0.1950, -0.2677, -0.2076, -0.1698, -0.1333, -0.2273, -0.3232, -0.0509, -0.0420, -0.1097, -0.2235, -0.1123, -0.0080, -0.1423, -0.0850, -0.0048, -0.0764, -0.1624, -0.0696, -0.2081,  0.0346, -0.1306, -0.0093, -0.0492}","{""PD Code longer than maximum""}"
"{-0.0345, -0.0327, -0.0405, -0.0298, -0.0238, -0.0212, -0.0348, -0.0442, -0.0085, -0.0051, -0.0151, -0.0335, -0.0138, -0.0022, -0.0163, -0.0126, -0.0033, -0.0149, -0.0211, -0.0086, -0.0329,  0.3436, -0.0167,  0.0229, -0.0060}","{""PD Code longer than maximum""}"
"{-1.5894, -1.2268, -1.6885, -1.3122, -1.0686, -0.8378, -1.4315, -2.0541, -0.3259, -0.2684, -0.6988, -1.4184, -0.7118, -0.0485, -0.9092, -0.5393, -0.0243, -0.4698, -1.0368, -0.4397, -1.3110, -0.0074, -0.8298, -0.0603, -0.3274}","{""PD Code longer than maximum""}"
"{-0.0242, -0.0239, -0.0287, -0.0205, -0.0167, -0.0150, -0.0254, -0.0306, -0.0065, -0.0043, -0.0107, -0.0235, -0.0091, -0.0022, -0.0107, -0.0092, -0.0026, -0.0118, -0.0139, -0.0057, -0.0241,  0.2801, -0.0111,  0.0564, -0.0037}","{9, 6, 0, 41, {{-7, -1}, {-6, 2}, {-5, -4}, {-4, 6}, {-3, -6}, {-2, 7}, {-1, -6}, {0, 5}, {1, -3}, {2, 1}}, {{-3, -1}, {-2, 5}, {-1, -9}, {0, 11}, {1, -9}, {2, 5}, {3, -1}}}"
"{-0.0433, -0.0364, -0.0473, -0.0362, -0.0306, -0.0241, -0.0408, -0.0547, -0.0088, -0.0064, -0.0186, -0.0375, -0.0185, -0.0020, -0.0222, -0.0151, -0.0018, -0.0163, -0.0261, -0.0122, -0.0379,  0.2614, -0.0222, -0.0011, -0.0055}","{""PD Code longer than maximum""}"
"{-0.7657, -0.5914, -0.8133, -0.6323, -0.5149, -0.4041, -0.6899, -0.9886, -0.1568, -0.1290, -0.3363, -0.6829, -0.3430, -0.0236, -0.4372, -0.2598, -0.0123, -0.2272, -0.4987, -0.2119, -0.6318, -0.0026, -0.3991, -0.0289, -0.1561}","{""PD Code longer than maximum""}"
"{-0.0636, -0.0529, -0.0699, -0.0534, -0.0431, -0.0357, -0.0591, -0.0805, -0.0135, -0.0095, -0.0270, -0.0572, -0.0273, -0.0027, -0.0332, -0.0219, -0.0033, -0.0224, -0.0391, -0.0174, -0.0550,  0.3303, -0.0322, -0.0016, -0.0105}","{""PD Code longer than maximum""}"
"{-0.0203, -0.0186, -0.0221, -0.0155, -0.0154, -0.0100, -0.0207, -0.0250, -0.0049, -0.0037, -0.0082, -0.0156, -0.0066, -0.0014, -0.0093, -0.0082,  0.0206, -0.0107, -0.0101, -0.0051, -0.0199,  0.2493, -0.0093,  0.0916,  0.0587}","{""PD Code longer than maximum""}"
"{-0.2433, -0.1894, -0.2593, -0.2012, -0.1644, -0.1292, -0.2200, -0.3123, -0.0492, -0.0402, -0.1057, -0.2160, -0.1083, -0.0076, -0.1371, -0.0824, -0.0051, -0.0746, -0.1569, -0.0674, -0.2017,  0.0869, -0.1263, -0.0088, -0.0471}","{""PD Code longer than maximum""}"
"{-0.0508, -0.0464, -0.0582, -0.0426, -0.0360, -0.0301, -0.0501, -0.0653, -0.0105, -0.0064, -0.0221, -0.0474, -0.0218, -0.0029, -0.0255, -0.0191, -0.0035, -0.0201, -0.0321, -0.0139, -0.0459,  0.4109, -0.0266, -0.0005, -0.0082}","{""PD Code longer than maximum""}"
"{-0.0140, -0.0166, -0.0163, -0.0116, -0.0113, -0.0079, -0.0169, -0.0185, -0.0041, -0.0038, -0.0055, -0.0134, -0.0035, -0.0024, -0.0042, -0.0089, -0.0018, -0.0094, -0.0058, -0.0030, -0.0161,  0.4457, -0.0042,  0.3836,  0.1380}","{9, 2, -2, 15, {{-10, -1}, {-9, 1}, {-8, -1}, {-7, 2}, {-6, -2}, {-5, 2}, {-4, -2}, {-3, 2}, {-2, -1}, {-1, 1}}, {{-1, 4}, {0, -7}, {1, 4}}}"
"{-0.0913, -0.0759, -0.1006, -0.0769, -0.0624, -0.0505, -0.0853, -0.1170, -0.0193, -0.0145, -0.0392, -0.0817, -0.0383, -0.0036, -0.0484, -0.0310, -0.0041, -0.0322, -0.0564, -0.0247, -0.0795,  0.3797, -0.0459, -0.0026, -0.0158}","{""PD Code longer than maximum""}"
"{-0.2039, -0.1591, -0.2173, -0.1684, -0.1382, -0.1083, -0.1849, -0.2610, -0.0403, -0.0329, -0.0883, -0.1795, -0.0908, -0.0063, -0.1142, -0.0694, -0.0041, -0.0634, -0.1312, -0.0566, -0.1687,  0.1141, -0.1059, -0.0076, -0.0379}","{""PD Code longer than maximum""}"
"{-16.1508, -12.3909, -17.0970, -13.2954, -10.8169,  -8.4655, -14.5199, -20.8727,  -3.3064,  -2.7592,  -7.1108, -14.3965,  -7.2639,  -0.4917,  -9.2725,  -5.4855,  -0.2002,  -4.7144, -10.5649,  -4.4555, -13.2594,  -0.1487,  -8.4425,  -0.6284,  -3.3659}","{""PD Code longer than maximum""}"
"{-0.3044, -0.2381, -0.3254, -0.2530, -0.2058, -0.1623, -0.2751, -0.3923, -0.0630, -0.0505, -0.1327, -0.2724, -0.1348, -0.0097, -0.1722, -0.1029, -0.0075, -0.0931, -0.1967, -0.0845, -0.2542,  0.1673, -0.1577, -0.0110, -0.0609}","{""PD Code longer than maximum""}"
"{-2.7563, -2.1187, -2.9207, -2.2699, -1.8483, -1.4472, -2.4797, -3.5600, -0.5633, -0.4681, -1.2121, -2.4553, -1.2378, -0.0840, -1.5793, -0.9363, -0.0364, -0.8092, -1.8001, -0.7610, -2.2651, -0.0210, -1.4405, -0.1066, -0.5698}","{""PD Code longer than maximum""}"
"{-0.0127, -0.0113, -0.0129, -0.0097, -0.0092, -0.0070, -0.0131, -0.0145, -0.0029, -0.0028, -0.0049, -0.0101, -0.0049, -0.0008, -0.0053, -0.0048, -0.0003, -0.0066, -0.0062, -0.0029, -0.0121,  0.1530, -0.0057,  0.0459,  0.0635}","{""PD Code longer than maximum""}"
"{-0.4297, -0.3345, -0.4581, -0.3555, -0.2902, -0.2283, -0.3885, -0.5540, -0.0869, -0.0703, -0.1878, -0.3825, -0.1921, -0.0132, -0.2437, -0.1470, -0.0082, -0.1293, -0.2792, -0.1196, -0.3554,  0.0518, -0.2252, -0.0161, -0.0853}","{""PD Code longer than maximum""}"
"{-0.3877, -0.3037, -0.4148, -0.3228, -0.2623, -0.2069, -0.3504, -0.5001, -0.0801, -0.0640, -0.1690, -0.3470, -0.1712, -0.0121, -0.2194, -0.1313, -0.0096, -0.1185, -0.2507, -0.1076, -0.3237,  0.2381, -0.2010, -0.0140, -0.0780}","{""PD Code longer than maximum""}"
"{ -8.5279,  -6.5432,  -9.0278,  -7.0193,  -5.7119,  -4.4702,  -7.6673, -11.0188,  -1.7446,  -1.4558,  -3.7534,  -7.5994,  -3.8350,  -0.2597,  -4.8942,  -2.8967,  -0.1060,  -2.4913,  -5.5769,  -2.3524,  -7.0008,  -0.0774,  -4.4578,  -0.3317,  -1.7743}","{""PD Code longer than maximum""}"
"{-0.0042, -0.0029, -0.0031, -0.0028, -0.0028, -0.0024, -0.0048, -0.0033, -0.0011, -0.0020, -0.0012, -0.0035, -0.0019, -0.0006, -0.0008, -0.0024, -0.0006, -0.0027, -0.0007, -0.0004, -0.0036,  0.1499, -0.0010,  0.1211,  0.2216}","{""PD Code longer than maximum""}"
"{-6.9251e-03, -5.8525e-03, -5.5609e-03, -4.2199e-03, -5.3400e-03, -4.3758e-03, -7.2769e-03, -6.8412e-03, -2.9313e-03, -2.9805e-03, -1.5329e-03, -5.2876e-03, -3.6419e-03, -1.6142e-04, -1.8715e-03, -5.6969e-03,  2.2083e-02, -4.6112e-03, -1.8346e-03, -9.6201e-04, -7.7445e-03,  3.7290e-01, -8.8948e-04,  3.9633e-01,  4.7257e-01}","{""PD Code longer than maximum""}"
"{-5.2375e-03, -4.0618e-03, -3.8545e-03, -4.0278e-03, -3.7122e-03, -2.9734e-03, -5.8429e-03, -5.2028e-03, -2.0695e-03, -2.5628e-03, -1.7497e-03, -3.5090e-03, -1.6738e-03, -3.7450e-04, -1.5131e-03, -2.9739e-03, -1.8921e-04, -3.1008e-03, -1.0786e-03, -8.2991e-04, -5.7482e-03,  2.1386e-01, -1.1025e-03,  1.6252e-01,  3.0178e-01}","{""PD Code longer than maximum""}"
"{-0.0385, -0.0367, -0.0456, -0.0331, -0.0265, -0.0234, -0.0389, -0.0495, -0.0098, -0.0062, -0.0171, -0.0373, -0.0146, -0.0030, -0.0182, -0.0140, -0.0037, -0.0170, -0.0229, -0.0094, -0.0370,  0.3813, -0.0182,  0.0434, -0.0071}","{""PD Code longer than maximum""}"
"{-0.0091, -0.0087, -0.0095, -0.0070, -0.0064, -0.0057, -0.0099, -0.0100, -0.0023, -0.0019, -0.0034, -0.0084, -0.0038, -0.0009, -0.0033, -0.0042, -0.0013, -0.0052, -0.0041, -0.0020, -0.0089,  0.1782, -0.0038,  0.0504,  0.0753}","{""PD Code longer than maximum""}"
"{-0.1241, -0.1004, -0.1348, -0.1042, -0.0846, -0.0679, -0.1139, -0.1591, -0.0251, -0.0187, -0.0533, -0.1109, -0.0543, -0.0043, -0.0681, -0.0432, -0.0050, -0.0404, -0.0791, -0.0348, -0.1052,  0.3472, -0.0645, -0.0043, -0.0225}","{""PD Code longer than maximum""}"
"{-0.0080, -0.0075, -0.0075, -0.0056, -0.0065, -0.0042, -0.0090, -0.0091, -0.0019, -0.0024, -0.0025, -0.0069, -0.0025, -0.0009, -0.0023, -0.0043, -0.0007, -0.0051, -0.0027, -0.0014, -0.0081,  0.2189, -0.0027,  0.1749,  0.2353}","{""PD Code longer than maximum""}"
"{-0.4144, -0.3229, -0.4421, -0.3428, -0.2803, -0.2201, -0.3748, -0.5337, -0.0835, -0.0678, -0.1808, -0.3681, -0.1847, -0.0128, -0.2345, -0.1411, -0.0080, -0.1258, -0.2686, -0.1152, -0.3431,  0.1088, -0.2164, -0.0155, -0.0815}","{""PD Code longer than maximum""}"
"{-0.1730, -0.1373, -0.1863, -0.1451, -0.1171, -0.0935, -0.1571, -0.2227, -0.0363, -0.0282, -0.0749, -0.1558, -0.0759, -0.0057, -0.0968, -0.0587, -0.0059, -0.0543, -0.1112, -0.0478, -0.1462,  0.2747, -0.0889, -0.0061, -0.0340}","{""PD Code longer than maximum""}"
"{-0.0081, -0.0089, -0.0086, -0.0071, -0.0058, -0.0048, -0.0096, -0.0092, -0.0025, -0.0031, -0.0037, -0.0077, -0.0021, -0.0015, -0.0017, -0.0057, -0.0016, -0.0050, -0.0027, -0.0013, -0.0092,  0.3941, -0.0010,  0.3847,  0.1590}","{9, 6, 0, 1, {{-6, -1}, {-5, 1}, {-4, -1}, {-3, 1}, {0, 2}, {1, -1}, {2, 1}, {3, -1}}, {{-3, 1}, {-2, -1}, {-1, -1}, {0, 3}, {1, -1}, {2, -1}, {3, 1}}}"
"{-6.5145e-03, -5.7783e-03, -5.2965e-03, -4.0747e-03, -5.2347e-03, -3.9751e-03, -6.7093e-03, -5.8965e-03, -2.4198e-03, -3.4206e-03, -1.6143e-03, -4.7227e-03, -3.1972e-03, -3.4030e-04, -1.7738e-03, -6.4494e-03, -4.0107e-04, -4.2356e-03, -1.9546e-03, -1.0059e-03, -7.5187e-03,  4.3081e-01,  6.0680e-02,  4.4273e-01,  4.0460e-01}","{""PD Code longer than maximum""}"
"{-3.5112, -2.6956, -3.7181, -2.8900, -2.3529, -1.8412, -3.1578, -4.5343, -0.7174, -0.5984, -1.5444, -3.1264, -1.5776, -0.1070, -2.0127, -1.1916, -0.0442, -1.0296, -2.2936, -0.9683, -2.8836, -0.0295, -1.8336, -0.1363, -0.7267}","{""PD Code longer than maximum""}"
"{-2.0458, -1.5724, -2.1676, -1.6846, -1.3720, -1.0739, -1.8405, -2.6412, -0.4179, -0.3476, -0.8992, -1.8215, -0.9184, -0.0625, -1.1715, -0.6942, -0.0272, -0.6017, -1.3352, -0.5647, -1.6812, -0.0151, -1.0681, -0.0790, -0.4216}","{""PD Code longer than maximum""}"
"{-0.8671, -0.6702, -0.9216, -0.7151, -0.5837, -0.4571, -0.7819, -1.1180, -0.1761, -0.1448, -0.3801, -0.7702, -0.3877, -0.0266, -0.4939, -0.2945, -0.0132, -0.2593, -0.5638, -0.2399, -0.7149, -0.0026, -0.4523, -0.0332, -0.1746}","{""PD Code longer than maximum""}"
"{-0.1383, -0.1090, -0.1481, -0.1153, -0.0938, -0.0744, -0.1253, -0.1770, -0.0284, -0.0226, -0.0596, -0.1237, -0.0610, -0.0045, -0.0773, -0.0466, -0.0044, -0.0434, -0.0885, -0.0385, -0.1160,  0.1926, -0.0711, -0.0048, -0.0265}","{""PD Code longer than maximum""}"
"{-5.6917e-01, -4.4162e-01, -6.0599e-01, -4.7133e-01, -3.8398e-01, -3.0134e-01, -5.1356e-01, -7.3475e-01, -1.1660e-01, -9.5197e-02, -2.4946e-01, -5.0779e-01, -2.5381e-01, -1.7448e-02, -3.2395e-01, -1.9277e-01, -1.0653e-02, -1.7081e-01, -3.6990e-01, -1.5778e-01, -4.7139e-01, -1.2906e-04, -2.9615e-01, -2.1036e-02, -1.1503e-01}","{""PD Code longer than maximum""}"
"{-0.0194, -0.0173, -0.0211, -0.0154, -0.0141, -0.0107, -0.0194, -0.0233, -0.0045, -0.0039, -0.0080, -0.0158, -0.0069, -0.0013, -0.0086, -0.0069, -0.0004, -0.0095, -0.0099, -0.0048, -0.0183,  0.2173, -0.0091,  0.0558, -0.0006}","{""PD Code longer than maximum""}"
"{-0.0101, -0.0118, -0.0114, -0.0085, -0.0078, -0.0059, -0.0124, -0.0129, -0.0029, -0.0029, -0.0041, -0.0095, -0.0028, -0.0015, -0.0032, -0.0055, -0.0012, -0.0067, -0.0047, -0.0018, -0.0118,  0.2441, -0.0037,  0.1465,  0.0472}","{""PD Code longer than maximum""}"
"{-0.0320, -0.0267, -0.0344, -0.0263, -0.0226, -0.0177, -0.0301, -0.0396, -0.0064, -0.0051, -0.0133, -0.0271, -0.0137, -0.0017, -0.0159, -0.0109, -0.0011, -0.0125, -0.0187, -0.0089, -0.0279,  0.1927, -0.0161, -0.0007, -0.0033}","{""PD Code longer than maximum""}"
"{-0.0080, -0.0075, -0.0074, -0.0053, -0.0068, -0.0042, -0.0090, -0.0092, -0.0020, -0.0024, -0.0026, -0.0071, -0.0025, -0.0009, -0.0023, -0.0042, -0.0005, -0.0052, -0.0026, -0.0014, -0.0082,  0.2248, -0.0028,  0.1841,  0.2410}","{""PD Code longer than maximum""}"
"{ -7.7985,  -5.9878,  -8.2592,  -6.4227,  -5.2258,  -4.0906,  -7.0126, -10.0787,  -1.5969,  -1.3305,  -3.4329,  -6.9526,  -3.5053,  -0.2372,  -4.4751,  -2.6479,  -0.0998,  -2.2803,  -5.0995,  -2.1520,  -6.4064,  -0.0670,  -4.0752,  -0.3022,  -1.6229}","{""PD Code longer than maximum""}"
"{-0.0108, -0.0119, -0.0123, -0.0095, -0.0078, -0.0063, -0.0125, -0.0131, -0.0033, -0.0036, -0.0049, -0.0100, -0.0026, -0.0022, -0.0026, -0.0076, -0.0017, -0.0066, -0.0038, -0.0016, -0.0117,  0.4712, -0.0017,  0.4561,  0.1534}","{0, 0, 0, 1, {{0, 1}}, {{0, 1}}}"
"{-8.7100e-03, -8.5853e-03, -8.2135e-03, -5.9800e-03, -6.8307e-03, -5.8387e-03, -7.4713e-03, -8.1855e-03, -4.0989e-03, -4.0540e-03, -3.5215e-03, -5.7074e-03, -4.5006e-03, -4.1216e-04, -3.0693e-03, -9.6771e-03, -3.0845e-04, -4.5377e-03, -3.1927e-03, -1.8405e-03, -1.1519e-02,  7.8219e-01,  3.0731e-01,  7.9931e-01,  4.4604e-01}","{11, 6, 4, 81, {{0, 1}, {1, -2}, {2, 5}, {3, -7}, {4, 11}, {5, -13}, {6, 12}, {7, -12}, {8, 9}, {9, -5}, {10, 3}, {11, -1}}, {{-3, -2}, {-2, 9}, {-1, -18}, {0, 23}, {1, -18}, {2, 9}, {3, -2}}}"
"{-0.1769, -0.1371, -0.1879, -0.1457, -0.1195, -0.0934, -0.1600, -0.2260, -0.0353, -0.0292, -0.0767, -0.1555, -0.0788, -0.0056, -0.0993, -0.0598, -0.0032, -0.0549, -0.1135, -0.0489, -0.1462,  0.0747, -0.0913, -0.0066, -0.0328}","{""PD Code longer than maximum""}"
"{-0.0731, -0.0618, -0.0814, -0.0620, -0.0497, -0.0407, -0.0687, -0.0932, -0.0164, -0.0121, -0.0318, -0.0660, -0.0297, -0.0033, -0.0377, -0.0243, -0.0037, -0.0272, -0.0442, -0.0192, -0.0651,  0.4000, -0.0355, -0.0017, -0.0129}","{""PD Code longer than maximum""}"
"{-0.1568, -0.1265, -0.1701, -0.1313, -0.1071, -0.0857, -0.1436, -0.2013, -0.0314, -0.0236, -0.0671, -0.1403, -0.0687, -0.0052, -0.0864, -0.0544, -0.0062, -0.0503, -0.1005, -0.0439, -0.1324,  0.3717, -0.0820, -0.0055, -0.0289}","{""PD Code longer than maximum""}"
"{-0.0290, -0.0243, -0.0314, -0.0240, -0.0208, -0.0159, -0.0274, -0.0360, -0.0057, -0.0048, -0.0125, -0.0241, -0.0120, -0.0016, -0.0142, -0.0094, -0.0008, -0.0119, -0.0164, -0.0080, -0.0258,  0.2041, -0.0143, -0.0007, -0.0025}","{""PD Code longer than maximum""}"
"{-0.0887, -0.0732, -0.0969, -0.0741, -0.0616, -0.0495, -0.0823, -0.1133, -0.0172, -0.0119, -0.0377, -0.0784, -0.0392, -0.0033, -0.0477, -0.0321, -0.0035, -0.0298, -0.0563, -0.0252, -0.0753,  0.3665, -0.0473, -0.0029, -0.0143}","{""PD Code longer than maximum""}"
"{-4.0148, -3.0841, -4.2528, -3.3060, -2.6910, -2.1068, -3.6111, -5.1867, -0.8209, -0.6831, -1.7664, -3.5772, -1.8043, -0.1223, -2.3021, -1.3638, -0.0516, -1.1761, -2.6241, -1.1080, -3.2981, -0.0328, -2.0984, -0.1558, -0.8324}","{""PD Code longer than maximum""}"
"{-0.0267, -0.0233, -0.0296, -0.0222, -0.0188, -0.0153, -0.0258, -0.0332, -0.0058, -0.0044, -0.0113, -0.0236, -0.0112, -0.0016, -0.0130, -0.0092, -0.0016, -0.0110, -0.0155, -0.0073, -0.0242,  0.2029, -0.0134, -0.0004, -0.0032}","{""PD Code longer than maximum""}"
"{-0.0162, -0.0141, -0.0175, -0.0133, -0.0118, -0.0093, -0.0159, -0.0194, -0.0036, -0.0031, -0.0068, -0.0135, -0.0065, -0.0011, -0.0073, -0.0055, -0.0007, -0.0076, -0.0085, -0.0043, -0.0151,  0.1799, -0.0078,  0.0131, -0.0005}","{""PD Code longer than maximum""}"
"{-0.0093, -0.0082, -0.0092, -0.0066, -0.0068, -0.0048, -0.0100, -0.0105, -0.0022, -0.0023, -0.0035, -0.0074, -0.0032, -0.0010, -0.0035, -0.0039, -0.0004, -0.0051, -0.0038, -0.0020, -0.0091,  0.1319, -0.0040,  0.0685,  0.1215}","{""PD Code longer than maximum""}"
"{-0.0936, -0.0758, -0.1018, -0.0784, -0.0639, -0.0514, -0.0861, -0.1193, -0.0189, -0.0142, -0.0399, -0.0834, -0.0407, -0.0032, -0.0509, -0.0323, -0.0039, -0.0312, -0.0591, -0.0260, -0.0796,  0.3031, -0.0483, -0.0031, -0.0162}","{""PD Code longer than maximum""}"
"{-0.0208, -0.0202, -0.0239, -0.0171, -0.0148, -0.0124, -0.0216, -0.0259, -0.0053, -0.0041, -0.0089, -0.0190, -0.0074, -0.0020, -0.0089, -0.0079, -0.0016, -0.0106, -0.0111, -0.0051, -0.0206,  0.2610, -0.0095,  0.0598, -0.0020}","{""PD Code longer than maximum""}"
"{-0.0282, -0.0267, -0.0328, -0.0238, -0.0201, -0.0168, -0.0288, -0.0358, -0.0070, -0.0048, -0.0124, -0.0257, -0.0109, -0.0021, -0.0131, -0.0105, -0.0021, -0.0133, -0.0164, -0.0073, -0.0272,  0.2921, -0.0136,  0.0140, -0.0034}","{""PD Code longer than maximum""}"
"{-0.0197, -0.0185, -0.0224, -0.0167, -0.0136, -0.0118, -0.0201, -0.0245, -0.0050, -0.0036, -0.0086, -0.0180, -0.0077, -0.0015, -0.0088, -0.0070, -0.0018, -0.0092, -0.0111, -0.0050, -0.0190,  0.2141, -0.0089,  0.0026, -0.0021}","{""PD Code longer than maximum""}"
"{-0.0391, -0.0340, -0.0438, -0.0333, -0.0264, -0.0230, -0.0371, -0.0492, -0.0087, -0.0054, -0.0166, -0.0363, -0.0166, -0.0019, -0.0194, -0.0138, -0.0030, -0.0146, -0.0238, -0.0103, -0.0346,  0.3067, -0.0194, -0.0006, -0.0063}","{""PD Code longer than maximum""}"
"{-1.9724, -1.5179, -2.0917, -1.6262, -1.3238, -1.0368, -1.7748, -2.5480, -0.4039, -0.3350, -0.8675, -1.7584, -0.8849, -0.0600, -1.1297, -0.6689, -0.0275, -0.5804, -1.2875, -0.5447, -1.6232, -0.0128, -1.0292, -0.0756, -0.4074}","{""PD Code longer than maximum""}"
"{-5.1642, -3.9652, -5.4688, -4.2508, -3.4605, -2.7082, -4.6444, -6.6708, -1.0548, -0.8788, -2.2718, -4.5995, -2.3215, -0.1572, -2.9615, -1.7550, -0.0651, -1.5117, -3.3759, -1.4250, -4.2400, -0.0443, -2.7001, -0.2009, -1.0708}","{""PD Code longer than maximum""}"
"{-0.0544, -0.0469, -0.0605, -0.0457, -0.0383, -0.0306, -0.0520, -0.0696, -0.0114, -0.0086, -0.0239, -0.0481, -0.0221, -0.0029, -0.0276, -0.0184, -0.0021, -0.0212, -0.0325, -0.0147, -0.0489,  0.3570, -0.0271, -0.0014, -0.0079}","{""PD Code longer than maximum""}"
"{-7.3264, -5.6237, -7.7577, -6.0319, -4.9084, -3.8419, -6.5879, -9.4669, -1.4990, -1.2497, -3.2245, -6.5293, -3.2940, -0.2230, -4.2040, -2.4885, -0.0922, -2.1419, -4.7908, -2.0214, -6.0162, -0.0645, -3.8293, -0.2846, -1.5234}","{""PD Code longer than maximum""}"
"{-0.1760, -0.1382, -0.1882, -0.1465, -0.1191, -0.0942, -0.1593, -0.2259, -0.0362, -0.0288, -0.0763, -0.1571, -0.0779, -0.0057, -0.0988, -0.0597, -0.0048, -0.0545, -0.1131, -0.0489, -0.1470,  0.1767, -0.0909, -0.0063, -0.0340}","{""PD Code longer than maximum""}"
"{-0.1190, -0.0960, -0.1294, -0.0996, -0.0812, -0.0648, -0.1092, -0.1522, -0.0241, -0.0183, -0.0509, -0.1060, -0.0515, -0.0040, -0.0651, -0.0408, -0.0048, -0.0393, -0.0753, -0.0330, -0.1011,  0.3303, -0.0613, -0.0041, -0.0213}","{""PD Code longer than maximum""}"
"{-0.0085, -0.0080, -0.0083, -0.0058, -0.0069, -0.0051, -0.0091, -0.0090, -0.0017, -0.0017, -0.0030, -0.0078, -0.0034, -0.0010, -0.0028, -0.0042, -0.0008, -0.0054, -0.0036, -0.0019, -0.0082,  0.2080, -0.0038,  0.1167,  0.1503}","{""PD Code longer than maximum""}"
"{-0.0056, -0.0052, -0.0049, -0.0043, -0.0038, -0.0031, -0.0065, -0.0054, -0.0015, -0.0023, -0.0019, -0.0047, -0.0017, -0.0008, -0.0012, -0.0027, -0.0009, -0.0035, -0.0016, -0.0008, -0.0058,  0.1857, -0.0015,  0.1165,  0.1623}","{""PD Code longer than maximum""}"
"{-5.5280e-01, -4.2901e-01, -5.8877e-01, -4.5705e-01, -3.7297e-01, -2.9267e-01, -4.9897e-01, -7.1321e-01, -1.1253e-01, -9.1664e-02, -2.4226e-01, -4.9258e-01, -2.4696e-01, -1.7090e-02, -3.1450e-01, -1.8796e-01, -9.9923e-03, -1.6570e-01, -3.5939e-01, -1.5354e-01, -4.5730e-01, -8.7430e-05, -2.8872e-01, -2.0739e-02, -1.1119e-01}","{""PD Code longer than maximum""}"
"{-4.1710, -3.2011, -4.4161, -3.4324, -2.7945, -2.1865, -3.7507, -5.3865, -0.8525, -0.7112, -1.8349, -3.7140, -1.8745, -0.1272, -2.3917, -1.4157, -0.0520, -1.2220, -2.7252, -1.1502, -3.4247, -0.0361, -2.1787, -0.1622, -0.8642}","{""PD Code longer than maximum""}"
"{-0.0212, -0.0210, -0.0251, -0.0178, -0.0150, -0.0131, -0.0224, -0.0267, -0.0058, -0.0041, -0.0092, -0.0201, -0.0075, -0.0019, -0.0091, -0.0082, -0.0021, -0.0109, -0.0118, -0.0051, -0.0213,  0.2559, -0.0098,  0.0909, -0.0028}","{5, 4, 0, 5, {{-7, -1}, {-6, 1}, {-5, -1}, {-4, 1}, {-2, 1}}, {{-2, 1}, {-1, -1}, {0, 1}, {1, -1}, {2, 1}}}"
"{-0.0278, -0.0292, -0.0338, -0.0250, -0.0181, -0.0180, -0.0297, -0.0364, -0.0083, -0.0043, -0.0125, -0.0293, -0.0107, -0.0029, -0.0119, -0.0115, -0.0041, -0.0133, -0.0173, -0.0056, -0.0288,  0.3672, -0.0123,  0.0951, -0.0059}","{""PD Code longer than maximum""}"
"{-0.0278, -0.0262, -0.0323, -0.0241, -0.0194, -0.0168, -0.0280, -0.0353, -0.0070, -0.0046, -0.0122, -0.0264, -0.0109, -0.0019, -0.0130, -0.0097, -0.0027, -0.0124, -0.0164, -0.0070, -0.0267,  0.2939, -0.0131,  0.0229, -0.0043}","{""PD Code longer than maximum""}"
"{-0.4760, -0.3693, -0.5067, -0.3930, -0.3213, -0.2518, -0.4300, -0.6126, -0.0963, -0.0788, -0.2079, -0.4220, -0.2122, -0.0147, -0.2697, -0.1615, -0.0082, -0.1444, -0.3082, -0.1317, -0.3935,  0.0065, -0.2478, -0.0179, -0.0939}","{""PD Code longer than maximum""}"
"{-0.0115, -0.0143, -0.0136, -0.0106, -0.0095, -0.0073, -0.0143, -0.0150, -0.0031, -0.0035, -0.0055, -0.0115, -0.0034, -0.0020, -0.0027, -0.0075, -0.0019, -0.0079, -0.0054, -0.0023, -0.0133,  0.4247, -0.0032,  0.3522,  0.0672}","{""PD Code longer than maximum""}"
"{-0.0103, -0.0100, -0.0111, -0.0084, -0.0073, -0.0064, -0.0109, -0.0117, -0.0027, -0.0021, -0.0042, -0.0093, -0.0045, -0.0010, -0.0039, -0.0043, -0.0011, -0.0057, -0.0053, -0.0021, -0.0104,  0.1914, -0.0045,  0.0313,  0.0294}","{3, 2, 2, 3, {{1, 1}, {3, 1}, {4, -1}}, {{-1, 1}, {0, -1}, {1, 1}}}"
"{-0.0906, -0.0744, -0.0991, -0.0756, -0.0622, -0.0496, -0.0840, -0.1156, -0.0185, -0.0139, -0.0387, -0.0803, -0.0389, -0.0035, -0.0485, -0.0312, -0.0037, -0.0313, -0.0563, -0.0252, -0.0778,  0.3443, -0.0464, -0.0029, -0.0152}","{""PD Code longer than maximum""}"
"{-0.4375, -0.3417, -0.4673, -0.3635, -0.2956, -0.2330, -0.3953, -0.5648, -0.0899, -0.0722, -0.1912, -0.3912, -0.1944, -0.0135, -0.2483, -0.1488, -0.0097, -0.1324, -0.2840, -0.1216, -0.3639,  0.1509, -0.2277, -0.0161, -0.0880}","{""PD Code longer than maximum""}"
"{-0.0075, -0.0092, -0.0088, -0.0078, -0.0046, -0.0047, -0.0089, -0.0091, -0.0029, -0.0021, -0.0041, -0.0076, -0.0023, -0.0014, -0.0022, -0.0047, -0.0017, -0.0042, -0.0036, -0.0007, -0.0084,  0.3208, -0.0010,  0.2277, -0.0008}","{""PD Code longer than maximum""}"
"{-0.8292, -0.6400, -0.8805, -0.6839, -0.5576, -0.4372, -0.7472, -1.0698, -0.1687, -0.1393, -0.3637, -0.7383, -0.3715, -0.0253, -0.4731, -0.2817, -0.0127, -0.2460, -0.5401, -0.2293, -0.6829, -0.0033, -0.4328, -0.0315, -0.1685}","{""PD Code longer than maximum""}"
"{-0.0246, -0.0237, -0.0283, -0.0200, -0.0179, -0.0146, -0.0254, -0.0306, -0.0057, -0.0042, -0.0107, -0.0224, -0.0097, -0.0022, -0.0110, -0.0096, -0.0017, -0.0122, -0.0141, -0.0063, -0.0238,  0.3129, -0.0119,  0.0435, -0.0023}","{""PD Code longer than maximum""}"
"{-0.0138, -0.0161, -0.0156, -0.0104, -0.0116, -0.0083, -0.0164, -0.0173, -0.0034, -0.0027, -0.0059, -0.0138, -0.0051, -0.0021, -0.0044, -0.0078, -0.0015, -0.0094, -0.0069, -0.0031, -0.0153,  0.3433, -0.0056,  0.2323,  0.0615}","{""PD Code longer than maximum""}"
"{-0.1237, -0.0978, -0.1327, -0.1031, -0.0840, -0.0667, -0.1123, -0.1578, -0.0248, -0.0197, -0.0529, -0.1100, -0.0544, -0.0040, -0.0685, -0.0420, -0.0041, -0.0393, -0.0788, -0.0344, -0.1034,  0.2127, -0.0639, -0.0042, -0.0227}","{""PD Code longer than maximum""}"
"{-2.0910, -1.6094, -2.2175, -1.7239, -1.4034, -1.0993, -1.8818, -2.7015, -0.4280, -0.3548, -0.9196, -1.8643, -0.9382, -0.0637, -1.1975, -0.7097, -0.0293, -0.6150, -1.3652, -0.5776, -1.7206, -0.0137, -1.0918, -0.0802, -0.4320}","{""PD Code longer than maximum""}"
"{-0.0098, -0.0110, -0.0105, -0.0078, -0.0072, -0.0057, -0.0100, -0.0108, -0.0040, -0.0043, -0.0048, -0.0077, -0.0032, -0.0014, -0.0030, -0.0095, -0.0011, -0.0054, -0.0037, -0.0020, -0.0128,  0.7275,  0.2009,  0.7430,  0.2315}","{""PD Code longer than maximum""}"
"{-4.7290, -3.6309, -5.0082, -3.8942, -3.1689, -2.4806, -4.2526, -6.1103, -0.9677, -0.8063, -2.0812, -4.2148, -2.1257, -0.1439, -2.7130, -1.6059, -0.0605, -1.3834, -3.0916, -1.3050, -3.8843, -0.0400, -2.4711, -0.1834, -0.9825}","{""PD Code longer than maximum""}"
"{-0.2960, -0.2291, -0.3144, -0.2442, -0.1995, -0.1565, -0.2672, -0.3803, -0.0598, -0.0491, -0.1293, -0.2623, -0.1325, -0.0092, -0.1677, -0.1004, -0.0052, -0.0897, -0.1915, -0.0821, -0.2442,  0.0311, -0.1539, -0.0112, -0.0577}","{""PD Code longer than maximum""}"
"{-8.2122e-03, -8.6889e-03, -8.6882e-03, -6.2922e-03, -6.1986e-03, -4.6770e-03, -9.1845e-03, -9.1822e-03, -2.8028e-03, -3.6239e-03, -3.4392e-03, -7.2429e-03, -2.4439e-03, -1.5023e-03, -2.0904e-03, -6.4032e-03, -9.7778e-04, -5.0539e-03, -2.3306e-03, -1.5971e-03, -9.7268e-03,  4.5579e-01, -3.7732e-04,  4.6569e-01,  2.5301e-01}","{9, 6, 4, 33, {{0, 1}, {1, -1}, {2, 3}, {3, -4}, {4, 5}, {5, -6}, {6, 5}, {7, -4}, {8, 3}, {9, -1}}, {{-3, -1}, {-2, 4}, {-1, -7}, {0, 9}, {1, -7}, {2, 4}, {3, -1}}}"
"{-17.7880, -13.6437, -18.8272, -14.6397, -11.9116,  -9.3212, -15.9912, -22.9856,  -3.6393,  -3.0389,  -7.8307, -15.8515,  -8.0016,  -0.5415, -10.2121,  -6.0424,  -0.2176,  -5.1917, -11.6359,  -4.9063, -14.5993,  -0.1668,  -9.2995,  -0.6932,  -3.7055}","{""PD Code longer than maximum""}"
"{-0.0576, -0.0485, -0.0638, -0.0488, -0.0383, -0.0328, -0.0538, -0.0730, -0.0131, -0.0089, -0.0244, -0.0536, -0.0244, -0.0029, -0.0296, -0.0198, -0.0040, -0.0202, -0.0355, -0.0151, -0.0508,  0.3175, -0.0283, -0.0012, -0.0106}","{""PD Code longer than maximum""}"
"{-1.2495, -0.9624, -1.3254, -1.0298, -0.8392, -0.6571, -1.1249, -1.6129, -0.2552, -0.2112, -0.5489, -1.1122, -0.5602, -0.0381, -0.7145, -0.4241, -0.0176, -0.3695, -0.8145, -0.3453, -1.0284, -0.0071, -0.6521, -0.0479, -0.2557}","{""PD Code longer than maximum""}"
"{-0.0370, -0.0326, -0.0416, -0.0311, -0.0257, -0.0213, -0.0358, -0.0468, -0.0082, -0.0057, -0.0160, -0.0336, -0.0155, -0.0020, -0.0184, -0.0130, -0.0023, -0.0147, -0.0223, -0.0100, -0.0335,  0.2734, -0.0186, -0.0006, -0.0055}","{""PD Code longer than maximum""}"
"{-0.2044, -0.1602, -0.2186, -0.1698, -0.1386, -0.1090, -0.1851, -0.2622, -0.0412, -0.0331, -0.0886, -0.1816, -0.0905, -0.0064, -0.1148, -0.0693, -0.0051, -0.0633, -0.1317, -0.0568, -0.1702,  0.1819, -0.1060, -0.0074, -0.0392}","{""PD Code longer than maximum""}"
"{-1.2740, -0.9811, -1.3515, -1.0502, -0.8555, -0.6700, -1.1469, -1.6446, -0.2606, -0.2156, -0.5600, -1.1345, -0.5710, -0.0390, -0.7286, -0.4319, -0.0180, -0.3767, -0.8304, -0.3519, -1.0490, -0.0069, -0.6642, -0.0488, -0.2610}","{""PD Code longer than maximum""}"
"{-0.0623, -0.0541, -0.0701, -0.0531, -0.0426, -0.0359, -0.0593, -0.0800, -0.0136, -0.0086, -0.0270, -0.0574, -0.0263, -0.0028, -0.0321, -0.0223, -0.0038, -0.0228, -0.0388, -0.0168, -0.0554,  0.4024, -0.0316, -0.0014, -0.0108}","{""PD Code longer than maximum""}"
"{-0.0394, -0.0336, -0.0436, -0.0331, -0.0270, -0.0226, -0.0374, -0.0497, -0.0084, -0.0059, -0.0167, -0.0354, -0.0167, -0.0020, -0.0199, -0.0139, -0.0023, -0.0147, -0.0237, -0.0108, -0.0348,  0.2585, -0.0199, -0.0009, -0.0057}","{""PD Code longer than maximum""}"
